ID,image_name,image_path,split,image_width,image_height,original_dataset,original_scene,original_camera,original_frame_id,original_frame_name
1,img_001_train.png,images/train/img_001_train.png,train,3840,2160,Biederitz_Leipzig,scene_01,center,6,frame_0006.png
2,img_002_train.png,images/train/img_002_train.png,train,3840,2160,Biederitz_Leipzig,scene_01,center,52,frame_0052.png
3,img_003_train.png,images/train/img_003_train.png,train,3840,2160,Biederitz_Leipzig,scene_01,center,92,frame_0092.png
4,img_004_train.png,images/train/img_004_train.png,train,3840,2160,Biederitz_Leipzig,scene_01,center,110,frame_0110.png
5,img_005_train.png,images/train/img_005_train.png,train,3840,2160,Biederitz_Leipzig,scene_01,center,124,frame_0124.png
6,img_006_train.png,images/train/img_006_train.png,train,3840,2160,Biederitz_Leipzig,scene_01,center,142,frame_0142.png
7,img_007_train.png,images/train/img_007_train.png,train,3840,2160,Biederitz_Leipzig,scene_01,center,147,frame_0147.png
8,img_008_train.png,images/train/img_008_train.png,train,3840,2160,Biederitz_Leipzig,scene_01,center,154,frame_0154.png
9,img_009_train.png,images/train/img_009_train.png,train,3840,2160,Biederitz_Leipzig,scene_01,center,159,frame_0159.png
10,img_010_train.png,images/train/img_010_train.png,train,3840,2160,Biederitz_Leipzig,scene_01,center,188,frame_0188.png
11,img_011_train.png,images/train/img_011_train.png,train,3840,2160,Biederitz_Leipzig,scene_01,center,193,frame_0193.png
12,img_012_train.png,images/train/img_012_train.png,train,3840,2160,Biederitz_Leipzig,scene_01,center,201,frame_0201.png
13,img_013_train.png,images/train/img_013_train.png,train,3840,2160,Biederitz_Leipzig,scene_01,center,255,frame_0255.png
14,img_014_train.png,images/train/img_014_train.png,train,3840,2160,Biederitz_Leipzig,scene_01,center,291,frame_0291.png
15,img_015_train.png,images/train/img_015_train.png,train,3840,2160,Biederitz_Leipzig,scene_01,center,296,frame_0296.png
16,img_016_train.png,images/train/img_016_train.png,train,3840,2160,Biederitz_Leipzig,scene_01,center,314,frame_0314.png
17,img_017_train.png,images/train/img_017_train.png,train,3840,2160,Biederitz_Leipzig,scene_01,center,333,frame_0333.png
18,img_018_train.png,images/train/img_018_train.png,train,3840,2160,Biederitz_Leipzig,scene_01,center,423,frame_0423.png
19,img_019_train.png,images/train/img_019_train.png,train,3840,2160,Biederitz_Leipzig,scene_01,center,429,frame_0429.png
20,img_020_train.png,images/train/img_020_train.png,train,3840,2160,Biederitz_Leipzig,scene_01,center,452,frame_0452.png
21,img_021_train.png,images/train/img_021_train.png,train,3840,2160,Biederitz_Leipzig,scene_01,center,455,frame_0455.png
22,img_022_train.png,images/train/img_022_train.png,train,3840,2160,Biederitz_Leipzig,scene_01,center,473,frame_0473.png
23,img_023_train.png,images/train/img_023_train.png,train,3840,2160,Biederitz_Leipzig,scene_01,center,492,frame_0492.png
24,img_024_train.png,images/train/img_024_train.png,train,3840,2160,Biederitz_Leipzig,scene_01,center,498,frame_0498.png
25,img_025_train.png,images/train/img_025_train.png,train,3840,2160,Biederitz_Leipzig,scene_01,center,526,frame_0526.png
26,img_026_train.png,images/train/img_026_train.png,train,3840,2160,Biederitz_Leipzig,scene_01,center,596,frame_0596.png
27,img_027_train.png,images/train/img_027_train.png,train,3840,2160,Biederitz_Leipzig,scene_01,center,614,frame_0614.png
28,img_028_train.png,images/train/img_028_train.png,train,3840,2160,Biederitz_Leipzig,scene_01,center,627,frame_0627.png
29,img_029_train.png,images/train/img_029_train.png,train,3840,2160,Biederitz_Leipzig,scene_01,center,717,frame_0717.png
30,img_030_train.png,images/train/img_030_train.png,train,3840,2160,Biederitz_Leipzig,scene_01,center,743,frame_0743.png
31,img_031_train.png,images/train/img_031_train.png,train,3840,2160,Biederitz_Leipzig,scene_01,center,782,frame_0782.png
32,img_032_train.png,images/train/img_032_train.png,train,3840,2160,Biederitz_Leipzig,scene_01,center,787,frame_0787.png
33,img_033_train.png,images/train/img_033_train.png,train,3840,2160,Biederitz_Leipzig,scene_01,center,859,frame_0859.png
34,img_034_train.png,images/train/img_034_train.png,train,3840,2160,Biederitz_Leipzig,scene_01,center,960,frame_0960.png
35,img_035_train.png,images/train/img_035_train.png,train,3840,2160,Biederitz_Leipzig,scene_01,center,998,frame_0998.png
36,img_036_train.png,images/train/img_036_train.png,train,3840,2160,Biederitz_Leipzig,scene_01,center,1082,frame_1082.png
37,img_037_train.png,images/train/img_037_train.png,train,3840,2160,Biederitz_Leipzig,scene_01,center,1085,frame_1085.png
38,img_038_train.png,images/train/img_038_train.png,train,3840,2160,Biederitz_Leipzig,scene_01,center,1087,frame_1087.png
39,img_039_train.png,images/train/img_039_train.png,train,3840,2160,Biederitz_Leipzig,scene_01,center,1103,frame_1103.png
40,img_040_train.png,images/train/img_040_train.png,train,3840,2160,Biederitz_Leipzig,scene_01,center,1105,frame_1105.png
41,img_041_train.png,images/train/img_041_train.png,train,3840,2160,Biederitz_Leipzig,scene_01,center,1120,frame_1120.png
42,img_042_train.png,images/train/img_042_train.png,train,3840,2160,Biederitz_Leipzig,scene_01,center,1216,frame_1216.png
43,img_043_train.png,images/train/img_043_train.png,train,3840,2160,Biederitz_Leipzig,scene_01,center,1250,frame_1250.png
44,img_044_train.png,images/train/img_044_train.png,train,3840,2160,Biederitz_Leipzig,scene_01,center,1406,frame_1406.png
45,img_045_train.png,images/train/img_045_train.png,train,3840,2160,Biederitz_Leipzig,scene_01,center,1418,frame_1418.png
46,img_046_train.png,images/train/img_046_train.png,train,3840,2160,Biederitz_Leipzig,scene_01,center,1459,frame_1459.png
47,img_047_train.png,images/train/img_047_train.png,train,3840,2160,Biederitz_Leipzig,scene_01,center,1471,frame_1471.png
48,img_048_train.png,images/train/img_048_train.png,train,3840,2160,Biederitz_Leipzig,scene_01,center,1510,frame_1510.png
49,img_049_train.png,images/train/img_049_train.png,train,3840,2160,Biederitz_Leipzig,scene_01,center,1542,frame_1542.png
50,img_050_train.png,images/train/img_050_train.png,train,3840,2160,Biederitz_Leipzig,scene_01,center,1588,frame_1588.png
51,img_051_train.png,images/train/img_051_train.png,train,3840,2160,Biederitz_Leipzig,scene_01,center,1649,frame_1649.png
52,img_052_train.png,images/train/img_052_train.png,train,3840,2160,Biederitz_Leipzig,scene_01,center,1657,frame_1657.png
53,img_053_train.png,images/train/img_053_train.png,train,3840,2160,Biederitz_Leipzig,scene_01,center,1701,frame_1701.png
54,img_054_train.png,images/train/img_054_train.png,train,3840,2160,Biederitz_Leipzig,scene_01,center,1708,frame_1708.png
55,img_055_train.png,images/train/img_055_train.png,train,3840,2160,Biederitz_Leipzig,scene_01,center,1711,frame_1711.png
56,img_056_train.png,images/train/img_056_train.png,train,3840,2160,Biederitz_Leipzig,scene_01,center,1726,frame_1726.png
57,img_057_train.png,images/train/img_057_train.png,train,3840,2160,Biederitz_Leipzig,scene_01,center,1823,frame_1823.png
58,img_058_train.png,images/train/img_058_train.png,train,3840,2160,Biederitz_Leipzig,scene_01,center,1834,frame_1834.png
59,img_059_train.png,images/train/img_059_train.png,train,3840,2160,Biederitz_Leipzig,scene_01,center,1859,frame_1859.png
60,img_060_train.png,images/train/img_060_train.png,train,3840,2160,Biederitz_Leipzig,scene_01,center,1873,frame_1873.png
61,img_061_train.png,images/train/img_061_train.png,train,3840,2160,Biederitz_Leipzig,scene_01,center,1901,frame_1901.png
62,img_062_train.png,images/train/img_062_train.png,train,3840,2160,Biederitz_Leipzig,scene_01,center,1942,frame_1942.png
63,img_063_train.png,images/train/img_063_train.png,train,3840,2160,Biederitz_Leipzig,scene_01,center,2146,frame_2146.png
64,img_064_train.png,images/train/img_064_train.png,train,3840,2160,Biederitz_Leipzig,scene_01,center,2155,frame_2155.png
65,img_065_train.png,images/train/img_065_train.png,train,3840,2160,Biederitz_Leipzig,scene_01,center,2218,frame_2218.png
66,img_066_train.png,images/train/img_066_train.png,train,3840,2160,Biederitz_Leipzig,scene_01,center,2276,frame_2276.png
67,img_067_train.png,images/train/img_067_train.png,train,3840,2160,Biederitz_Leipzig,scene_01,center,2333,frame_2333.png
68,img_068_train.png,images/train/img_068_train.png,train,3840,2160,Biederitz_Leipzig,scene_01,center,2343,frame_2343.png
69,img_069_train.png,images/train/img_069_train.png,train,3840,2160,Biederitz_Leipzig,scene_01,center,2355,frame_2355.png
70,img_070_train.png,images/train/img_070_train.png,train,3840,2160,Biederitz_Leipzig,scene_01,center,2367,frame_2367.png
71,img_071_train.png,images/train/img_071_train.png,train,3840,2160,Biederitz_Leipzig,scene_01,center,2394,frame_2394.png
72,img_072_train.png,images/train/img_072_train.png,train,3840,2160,Biederitz_Leipzig,scene_01,center,2427,frame_2427.png
73,img_073_train.png,images/train/img_073_train.png,train,3840,2160,Biederitz_Leipzig,scene_01,center,2454,frame_2454.png
74,img_074_train.png,images/train/img_074_train.png,train,3840,2160,Biederitz_Leipzig,scene_01,center,2786,frame_2786.png
75,img_075_train.png,images/train/img_075_train.png,train,3840,2160,Biederitz_Leipzig,scene_01,center,2926,frame_2926.png
76,img_076_train.png,images/train/img_076_train.png,train,3840,2160,Biederitz_Leipzig,scene_01,center,3028,frame_3028.png
77,img_077_train.png,images/train/img_077_train.png,train,3840,2160,Biederitz_Leipzig,scene_01,center,3058,frame_3058.png
78,img_078_train.png,images/train/img_078_train.png,train,3840,2160,Biederitz_Leipzig,scene_01,center,3061,frame_3061.png
79,img_079_train.png,images/train/img_079_train.png,train,3840,2160,Biederitz_Leipzig,scene_01,center,3062,frame_3062.png
80,img_080_train.png,images/train/img_080_train.png,train,3840,2160,Biederitz_Leipzig,scene_01,center,3074,frame_3074.png
81,img_081_train.png,images/train/img_081_train.png,train,3840,2160,Biederitz_Leipzig,scene_01,center,3115,frame_3115.png
82,img_082_train.png,images/train/img_082_train.png,train,3840,2160,Biederitz_Leipzig,scene_01,center,3217,frame_3217.png
83,img_083_train.png,images/train/img_083_train.png,train,3840,2160,Biederitz_Leipzig,scene_01,center,3255,frame_3255.png
84,img_084_train.png,images/train/img_084_train.png,train,3840,2160,Biederitz_Leipzig,scene_01,center,3266,frame_3266.png
85,img_085_train.png,images/train/img_085_train.png,train,3840,2160,Biederitz_Leipzig,scene_01,center,3279,frame_3279.png
86,img_086_train.png,images/train/img_086_train.png,train,3840,2160,Biederitz_Leipzig,scene_01,center,3407,frame_3407.png
87,img_087_train.png,images/train/img_087_train.png,train,3840,2160,Biederitz_Leipzig,scene_01,center,3409,frame_3409.png
88,img_088_train.png,images/train/img_088_train.png,train,3840,2160,Biederitz_Leipzig,scene_01,center,3487,frame_3487.png
89,img_089_train.png,images/train/img_089_train.png,train,3840,2160,Biederitz_Leipzig,scene_01,center,3549,frame_3549.png
90,img_090_train.png,images/train/img_090_train.png,train,3840,2160,Biederitz_Leipzig,scene_01,center,3618,frame_3618.png
91,img_091_train.png,images/train/img_091_train.png,train,3840,2160,Biederitz_Leipzig,scene_01,center,3751,frame_3751.png
92,img_092_train.png,images/train/img_092_train.png,train,3840,2160,Biederitz_Leipzig,scene_01,center,3826,frame_3826.png
93,img_093_train.png,images/train/img_093_train.png,train,3840,2160,Biederitz_Leipzig,scene_01,center,3831,frame_3831.png
94,img_094_train.png,images/train/img_094_train.png,train,3840,2160,Biederitz_Leipzig,scene_01,center,3835,frame_3835.png
95,img_095_train.png,images/train/img_095_train.png,train,3840,2160,Biederitz_Leipzig,scene_01,center,3839,frame_3839.png
96,img_096_train.png,images/train/img_096_train.png,train,3840,2160,Biederitz_Leipzig,scene_01,center,3850,frame_3850.png
97,img_097_train.png,images/train/img_097_train.png,train,3840,2160,Biederitz_Leipzig,scene_01,center,3859,frame_3859.png
98,img_098_train.png,images/train/img_098_train.png,train,3840,2160,Biederitz_Leipzig,scene_01,center,3871,frame_3871.png
99,img_099_train.png,images/train/img_099_train.png,train,3840,2160,Biederitz_Leipzig,scene_01,center,3879,frame_3879.png
100,img_100_train.png,images/train/img_100_train.png,train,3840,2160,Biederitz_Leipzig,scene_01,center,3893,frame_3893.png
101,img_101_train.png,images/train/img_101_train.png,train,1920,1080,Dreiseenbahn,scene_01,center,24,frame_024.png
102,img_102_train.png,images/train/img_102_train.png,train,1920,1080,Dreiseenbahn,scene_01,center,37,frame_037.png
103,img_103_train.png,images/train/img_103_train.png,train,1920,1080,Dreiseenbahn,scene_01,center,45,frame_045.png
104,img_104_train.png,images/train/img_104_train.png,train,1920,1080,Dreiseenbahn,scene_01,center,52,frame_052.png
105,img_105_train.png,images/train/img_105_train.png,train,1920,1080,Dreiseenbahn,scene_01,center,54,frame_054.png
106,img_106_train.png,images/train/img_106_train.png,train,1920,1080,Dreiseenbahn,scene_01,center,64,frame_064.png
107,img_107_train.png,images/train/img_107_train.png,train,1920,1080,Dreiseenbahn,scene_01,center,70,frame_070.png
108,img_108_train.png,images/train/img_108_train.png,train,1920,1080,Dreiseenbahn,scene_01,center,92,frame_092.png
109,img_109_train.png,images/train/img_109_train.png,train,1920,1080,Dreiseenbahn,scene_01,center,113,frame_113.png
110,img_110_train.png,images/train/img_110_train.png,train,1920,1080,Dreiseenbahn,scene_01,center,141,frame_141.png
111,img_111_train.png,images/train/img_111_train.png,train,1920,1080,Dreiseenbahn,scene_01,center,145,frame_145.png
112,img_112_train.png,images/train/img_112_train.png,train,1920,1080,Dreiseenbahn,scene_01,center,151,frame_151.png
113,img_113_train.png,images/train/img_113_train.png,train,1920,1080,Dreiseenbahn,scene_01,center,161,frame_161.png
114,img_114_train.png,images/train/img_114_train.png,train,1920,1080,Dreiseenbahn,scene_01,center,166,frame_166.png
115,img_115_train.png,images/train/img_115_train.png,train,1920,1080,Dreiseenbahn,scene_01,center,202,frame_202.png
116,img_116_train.png,images/train/img_116_train.png,train,1920,1080,Dreiseenbahn,scene_01,center,244,frame_244.png
117,img_117_train.png,images/train/img_117_train.png,train,1920,1080,Dreiseenbahn,scene_01,center,264,frame_264.png
118,img_118_train.png,images/train/img_118_train.png,train,1920,1080,Dreiseenbahn,scene_01,center,396,frame_396.png
119,img_119_train.png,images/train/img_119_train.png,train,1920,1080,Dreiseenbahn,scene_01,center,442,frame_442.png
120,img_120_train.png,images/train/img_120_train.png,train,1920,1080,Dreiseenbahn,scene_01,center,461,frame_461.png
121,img_121_train.png,images/train/img_121_train.png,train,1920,1080,Dreiseenbahn,scene_01,center,536,frame_536.png
122,img_122_train.png,images/train/img_122_train.png,train,1920,1080,Dreiseenbahn,scene_01,center,595,frame_595.png
123,img_123_train.png,images/train/img_123_train.png,train,1920,1080,Dreiseenbahn,scene_01,center,629,frame_629.png
124,img_124_train.png,images/train/img_124_train.png,train,1920,1080,Dreiseenbahn,scene_01,center,692,frame_692.png
125,img_125_train.png,images/train/img_125_train.png,train,1920,1080,Dreiseenbahn,scene_01,center,705,frame_705.png
126,img_126_train.png,images/train/img_126_train.png,train,1920,1080,Dreiseenbahn,scene_01,center,876,frame_876.png
127,img_127_train.png,images/train/img_127_train.png,train,4112,2504,GAF,25-09-15–2021-12-01_13-52-27,center,0,frame_000.png
128,img_128_train.png,images/train/img_128_train.png,train,4112,2504,GAF,25-09-15–2021-12-01_13-52-27,center,34,frame_001.png
129,img_129_train.png,images/train/img_129_train.png,train,4112,2504,GAF,25-09-15–2021-12-01_13-52-27,center,41,frame_002.png
130,img_130_train.png,images/train/img_130_train.png,train,4112,2504,GAF,25-09-15–2021-12-01_13-52-27,center,55,frame_003.png
131,img_131_train.png,images/train/img_131_train.png,train,4112,2504,GAF,25-09-15–2021-12-01_13-52-27,center,97,frame_004.png
132,img_132_train.png,images/train/img_132_train.png,train,4112,2504,GAF,25-09-15–2021-12-01_13-52-27,center,111,frame_005.png
133,img_133_train.png,images/train/img_133_train.png,train,4112,2504,GAF,25-09-15–2021-12-01_13-52-27,center,122,frame_006.png
134,img_134_train.png,images/train/img_134_train.png,train,4112,2504,GAF,25-09-15–2021-12-01_13-52-27,center,132,frame_007.png
135,img_135_train.png,images/train/img_135_train.png,train,4112,2504,GAF,25-09-15–2021-12-01_13-52-27,center,145,frame_008.png
136,img_136_train.png,images/train/img_136_train.png,train,4112,2504,GAF,25-09-15–2021-12-01_13-52-27,center,167,frame_009.png
137,img_137_train.png,images/train/img_137_train.png,train,4112,2504,GAF,25-09-15–2021-12-01_13-52-27,center,181,frame_010.png
138,img_138_train.png,images/train/img_138_train.png,train,4112,2504,GAF,25-09-15–2021-12-01_13-52-27,center,185,frame_011.png
139,img_139_train.png,images/train/img_139_train.png,train,4112,2504,GAF,25-09-15–2021-12-01_13-52-27,center,189,frame_012.png
140,img_140_train.png,images/train/img_140_train.png,train,4112,2504,GAF,25-09-15–2021-12-01_13-52-27,center,193,frame_013.png
141,img_141_train.png,images/train/img_141_train.png,train,4112,2504,GAF,25-09-15–2021-12-01_13-52-27,center,194,frame_014.png
142,img_142_train.png,images/train/img_142_train.png,train,4112,2504,GAF,25-09-15–2021-12-01_13-52-27,center,211,frame_015.png
143,img_143_train.png,images/train/img_143_train.png,train,4112,2504,GAF,25-09-15–2021-12-01_13-52-27,center,217,frame_016.png
144,img_144_train.png,images/train/img_144_train.png,train,4112,2504,GAF,25-09-15–2021-12-01_13-52-27,center,224,frame_017.png
145,img_145_train.png,images/train/img_145_train.png,train,4112,2504,GAF,25-09-15–2021-12-01_13-52-27,center,231,frame_018.png
146,img_146_train.png,images/train/img_146_train.png,train,4112,2504,GAF,25-09-15–2021-12-01_13-52-27,center,239,frame_019.png
147,img_147_train.png,images/train/img_147_train.png,train,4112,2504,GAF,25-09-15–2021-12-01_13-52-27,center,241,frame_020.png
148,img_148_train.png,images/train/img_148_train.png,train,4112,2504,GAF,25-09-15–2021-12-01_13-52-27,center,252,frame_021.png
149,img_149_train.png,images/train/img_149_train.png,train,4112,2504,GAF,25-09-15–2021-12-01_13-52-27,center,256,frame_022.png
150,img_150_train.png,images/train/img_150_train.png,train,4112,2504,GAF,25-09-15–2021-12-01_13-52-27,center,260,frame_023.png
151,img_151_train.png,images/train/img_151_train.png,train,4112,2504,GAF,25-09-15–2021-12-01_13-52-27,center,267,frame_024.png
152,img_152_train.png,images/train/img_152_train.png,train,4112,2504,GAF,25-09-15–2021-12-01_13-52-27,center,268,frame_025.png
153,img_153_train.png,images/train/img_153_train.png,train,4112,2504,GAF,25-09-15–2021-12-01_13-52-27,center,275,frame_026.png
154,img_154_train.png,images/train/img_154_train.png,train,4112,2504,GAF,25-09-15–2021-12-01_13-52-27,center,279,frame_027.png
155,img_155_train.png,images/train/img_155_train.png,train,4112,2504,GAF,25-09-15–2021-12-01_13-52-27,center,286,frame_028.png
156,img_156_train.png,images/train/img_156_train.png,train,4112,2504,GAF,25-09-15–2021-12-01_13-52-27,center,297,frame_029.png
157,img_157_train.png,images/train/img_157_train.png,train,4112,2504,GAF,25-09-15–2021-12-01_13-52-27,center,300,frame_030.png
158,img_158_train.png,images/train/img_158_train.png,train,4112,2504,GAF,25-09-15–2021-12-01_13-52-27,center,313,frame_031.png
159,img_159_train.png,images/train/img_159_train.png,train,4112,2504,GAF,25-09-15–2021-12-01_13-52-27,center,327,frame_032.png
160,img_160_train.png,images/train/img_160_train.png,train,4112,2504,GAF,25-09-15–2021-12-01_13-52-27,center,332,frame_033.png
161,img_161_train.png,images/train/img_161_train.png,train,4112,2504,GAF,25-09-15–2021-12-01_13-52-27,center,355,frame_037.png
162,img_162_train.png,images/train/img_162_train.png,train,4112,2504,GAF,25-09-15–2021-12-01_13-52-27,center,362,frame_038.png
163,img_163_train.png,images/train/img_163_train.png,train,4112,2504,GAF,25-09-15–2021-12-01_13-52-27,center,368,frame_039.png
164,img_164_train.png,images/train/img_164_train.png,train,4112,2504,GAF,25-09-15–2021-12-01_13-52-27,center,378,frame_040.png
165,img_165_train.png,images/train/img_165_train.png,train,4112,2504,GAF,25-09-15–2021-12-01_13-52-27,center,385,frame_041.png
166,img_166_train.png,images/train/img_166_train.png,train,4112,2504,GAF,25-09-15–2021-12-01_13-52-27,center,402,frame_042.png
167,img_167_train.png,images/train/img_167_train.png,train,4112,2504,GAF,25-09-15–2021-12-01_13-52-27,center,408,frame_043.png
168,img_168_train.png,images/train/img_168_train.png,train,4112,2504,GAF,25-09-15–2021-12-01_13-52-27,center,409,frame_044.png
169,img_169_train.png,images/train/img_169_train.png,train,4112,2504,GAF,25-09-15–2021-12-01_13-52-27,center,414,frame_045.png
170,img_170_train.png,images/train/img_170_train.png,train,4112,2504,GAF,25-09-15–2021-12-01_13-52-27,center,415,frame_046.png
171,img_171_train.png,images/train/img_171_train.png,train,4112,2504,GAF,25-09-15–2021-12-01_13-52-27,center,417,frame_047.png
172,img_172_train.png,images/train/img_172_train.png,train,4112,2504,GAF,25-09-15–2021-12-01_13-52-27,center,422,frame_048.png
173,img_173_train.png,images/train/img_173_train.png,train,4112,2504,GAF,25-09-15–2021-12-01_13-52-27,center,423,frame_049.png
174,img_174_train.png,images/train/img_174_train.png,train,4112,2504,GAF,25-09-15–2021-12-01_13-52-27,center,426,frame_050.png
175,img_175_train.png,images/train/img_175_train.png,train,4112,2504,GAF,25-09-15–2021-12-01_13-52-27,center,434,frame_051.png
176,img_176_train.png,images/train/img_176_train.png,train,4112,2504,GAF,25-09-15–2021-12-01_13-52-27,center,436,frame_052.png
177,img_177_train.png,images/train/img_177_train.png,train,4112,2504,GAF,25-09-15–2021-12-01_13-52-27,center,437,frame_053.png
178,img_178_train.png,images/train/img_178_train.png,train,4112,2504,GAF,25-09-15–2021-12-01_13-52-27,center,444,frame_054.png
179,img_179_train.png,images/train/img_179_train.png,train,4112,2504,GAF,25-09-15–2021-12-01_13-52-27,center,453,frame_055.png
180,img_180_train.png,images/train/img_180_train.png,train,4112,2504,GAF,25-09-15–2021-12-01_13-52-27,center,457,frame_056.png
181,img_181_train.png,images/train/img_181_train.png,train,4112,2504,GAF,25-09-15–2021-12-01_13-52-27,center,461,frame_057.png
182,img_182_train.png,images/train/img_182_train.png,train,4112,2504,GAF,25-09-15–2021-12-01_13-52-27,center,469,frame_058.png
183,img_183_train.png,images/train/img_183_train.png,train,4112,2504,GAF,25-09-15–2021-12-01_13-52-27,center,470,frame_059.png
184,img_184_train.png,images/train/img_184_train.png,train,4112,2504,GAF,25-09-15–2021-12-01_13-52-27,center,479,frame_060.png
185,img_185_train.png,images/train/img_185_train.png,train,4112,2504,GAF,25-09-15–2021-12-01_13-52-27,center,517,frame_061.png
186,img_186_train.png,images/train/img_186_train.png,train,4112,2504,GAF,25-09-15–2021-12-01_13-52-27,center,522,frame_062.png
187,img_187_train.png,images/train/img_187_train.png,train,4112,2504,GAF,25-09-15–2021-12-01_13-52-27,center,523,frame_063.png
188,img_188_train.png,images/train/img_188_train.png,train,4112,2504,GAF,25-09-15–2021-12-01_13-52-27,center,535,frame_064.png
189,img_189_train.png,images/train/img_189_train.png,train,4112,2504,GAF,25-09-15–2021-12-01_13-52-27,center,538,frame_065.png
190,img_190_train.png,images/train/img_190_train.png,train,4112,2504,GAF,25-09-19–2021-12-01_09-38-33,center,0,frame_149.png
191,img_191_train.png,images/train/img_191_train.png,train,4112,2504,GAF,25-09-19–2021-12-01_09-38-33,center,10,frame_150.png
192,img_192_train.png,images/train/img_192_train.png,train,4112,2504,GAF,25-09-19–2021-12-01_09-38-33,center,21,frame_151.png
193,img_193_train.png,images/train/img_193_train.png,train,4112,2504,GAF,25-09-19–2021-12-01_09-38-33,center,28,frame_152.png
194,img_194_train.png,images/train/img_194_train.png,train,4112,2504,GAF,25-09-19–2021-12-01_09-38-33,center,39,frame_153.png
195,img_195_train.png,images/train/img_195_train.png,train,4112,2504,GAF,25-09-19–2021-12-01_09-38-33,center,51,frame_154.png
196,img_196_train.png,images/train/img_196_train.png,train,4112,2504,GAF,25-09-19–2021-12-01_09-38-33,center,52,frame_155.png
197,img_197_train.png,images/train/img_197_train.png,train,4112,2504,GAF,25-09-19–2021-12-01_09-38-33,center,56,frame_156.png
198,img_198_train.png,images/train/img_198_train.png,train,4112,2504,GAF,25-09-19–2021-12-01_09-38-33,center,57,frame_157.png
199,img_199_train.png,images/train/img_199_train.png,train,4112,2504,GAF,25-09-19–2021-12-01_09-38-33,center,64,frame_158.png
200,img_200_train.png,images/train/img_200_train.png,train,4112,2504,GAF,25-09-19–2021-12-01_09-38-33,center,70,frame_159.png
201,img_201_train.png,images/train/img_201_train.png,train,4112,2504,GAF,25-09-19–2021-12-01_09-38-33,center,73,frame_160.png
202,img_202_train.png,images/train/img_202_train.png,train,4112,2504,GAF,25-09-19–2021-12-01_09-38-33,center,77,frame_161.png
203,img_203_train.png,images/train/img_203_train.png,train,4112,2504,GAF,25-09-19–2021-12-01_09-38-33,center,85,frame_162.png
204,img_204_train.png,images/train/img_204_train.png,train,4112,2504,GAF,25-09-19–2021-12-01_09-38-33,center,96,frame_163.png
205,img_205_train.png,images/train/img_205_train.png,train,4112,2504,GAF,25-09-19–2021-12-01_09-38-33,center,105,frame_164.png
206,img_206_train.png,images/train/img_206_train.png,train,4112,2504,GAF,25-09-19–2021-12-01_09-38-33,center,110,frame_165.png
207,img_207_train.png,images/train/img_207_train.png,train,4112,2504,GAF,25-09-19–2021-12-01_09-38-33,center,118,frame_166.png
208,img_208_train.png,images/train/img_208_train.png,train,4112,2504,GAF,25-09-19–2021-12-01_09-38-33,center,124,frame_167.png
209,img_209_train.png,images/train/img_209_train.png,train,4112,2504,GAF,25-09-19–2021-12-01_09-38-33,center,132,frame_168.png
210,img_210_train.png,images/train/img_210_train.png,train,4112,2504,GAF,25-09-19–2021-12-01_09-38-33,center,141,frame_169.png
211,img_211_train.png,images/train/img_211_train.png,train,4112,2504,GAF,25-09-19–2021-12-01_09-38-33,center,152,frame_170.png
212,img_212_train.png,images/train/img_212_train.png,train,4112,2504,GAF,25-09-19–2021-12-01_09-38-33,center,157,frame_171.png
213,img_213_train.png,images/train/img_213_train.png,train,4112,2504,GAF,25-09-19–2021-12-01_09-38-33,center,164,frame_172.png
214,img_214_train.png,images/train/img_214_train.png,train,4112,2504,GAF,25-09-19–2021-12-01_09-38-33,center,165,frame_173.png
215,img_215_train.png,images/train/img_215_train.png,train,4112,2504,GAF,25-09-19–2021-12-01_09-38-33,center,176,frame_174.png
216,img_216_train.png,images/train/img_216_train.png,train,4112,2504,GAF,25-09-19–2021-12-01_09-38-33,center,185,frame_175.png
217,img_217_train.png,images/train/img_217_train.png,train,4112,2504,GAF,25-09-19–2021-12-01_10-56-45,center,0,frame_176.png
218,img_218_train.png,images/train/img_218_train.png,train,4112,2504,GAF,25-09-19–2021-12-01_10-56-45,center,17,frame_177.png
219,img_219_train.png,images/train/img_219_train.png,train,4112,2504,GAF,25-09-19–2021-12-01_10-56-45,center,31,frame_178.png
220,img_220_train.png,images/train/img_220_train.png,train,4112,2504,GAF,25-09-19–2021-12-01_10-56-45,center,40,frame_179.png
221,img_221_train.png,images/train/img_221_train.png,train,4112,2504,GAF,25-09-19–2021-12-01_10-56-45,center,49,frame_180.png
222,img_222_train.png,images/train/img_222_train.png,train,4112,2504,GAF,25-09-22–2021-12-01_10-55-14,center,0,frame_181.png
223,img_223_train.png,images/train/img_223_train.png,train,3840,2160,GED_Berlin,scene_01,center,26,frame_26.png
224,img_224_train.png,images/train/img_224_train.png,train,3840,2160,GED_Berlin,scene_01,center,37,frame_37.png
225,img_225_train.png,images/train/img_225_train.png,train,3840,2160,GED_Berlin,scene_01,center,50,frame_50.png
226,img_226_train.png,images/train/img_226_train.png,train,3840,2160,GED_Berlin,scene_01,center,66,frame_66.png
227,img_227_train.png,images/train/img_227_train.png,train,3840,2160,GED_Berlin,scene_01,center,98,frame_98.png
228,img_228_train.png,images/train/img_228_train.png,train,3840,2160,GED_Berlin,scene_01,center,101,frame_101.png
229,img_229_train.png,images/train/img_229_train.png,train,3840,2160,GED_Berlin,scene_01,center,104,frame_104.png
230,img_230_train.png,images/train/img_230_train.png,train,3840,2160,GED_Berlin,scene_01,center,106,frame_106.png
231,img_231_train.png,images/train/img_231_train.png,train,3840,2160,GED_Berlin,scene_01,center,108,frame_108.png
232,img_232_train.png,images/train/img_232_train.png,train,3840,2160,GED_Berlin,scene_01,center,112,frame_112.png
233,img_233_train.png,images/train/img_233_train.png,train,3840,2160,GED_Berlin,scene_01,center,150,frame_150.png
234,img_234_train.png,images/train/img_234_train.png,train,3840,2160,GED_Berlin,scene_01,center,171,frame_171.png
235,img_235_train.png,images/train/img_235_train.png,train,3840,2160,GED_Berlin,scene_01,center,175,frame_175.png
236,img_236_train.png,images/train/img_236_train.png,train,3840,2160,GED_Berlin,scene_01,center,183,frame_183.png
237,img_237_train.png,images/train/img_237_train.png,train,3840,2160,GED_Berlin,scene_01,center,212,frame_212.png
238,img_238_train.png,images/train/img_238_train.png,train,3840,2160,GED_Berlin,scene_01,center,240,frame_240.png
239,img_239_train.png,images/train/img_239_train.png,train,3840,2160,GED_Berlin,scene_01,center,273,frame_273.png
240,img_240_train.png,images/train/img_240_train.png,train,3840,2160,GED_Berlin,scene_01,center,375,frame_375.png
241,img_241_train.png,images/train/img_241_train.png,train,3840,2160,GED_Berlin,scene_01,center,389,frame_389.png
242,img_242_train.png,images/train/img_242_train.png,train,3840,2160,GED_Berlin,scene_01,center,394,frame_394.png
243,img_243_train.png,images/train/img_243_train.png,train,3840,2160,GED_Berlin,scene_01,center,398,frame_398.png
244,img_244_train.png,images/train/img_244_train.png,train,3840,2160,GED_Berlin,scene_01,center,407,frame_407.png
245,img_245_train.png,images/train/img_245_train.png,train,3840,2160,GED_Berlin,scene_01,center,420,frame_420.png
246,img_246_train.png,images/train/img_246_train.png,train,3840,2160,GED_Berlin,scene_01,center,432,frame_432.png
247,img_247_train.png,images/train/img_247_train.png,train,3840,2160,GED_Berlin,scene_01,center,434,frame_434.png
248,img_248_train.png,images/train/img_248_train.png,train,3840,2160,GED_Berlin,scene_01,center,442,frame_442.png
249,img_249_train.png,images/train/img_249_train.png,train,3840,2160,GED_Berlin,scene_01,center,448,frame_448.png
250,img_250_train.png,images/train/img_250_train.png,train,3840,2160,GED_Berlin,scene_01,center,490,frame_490.png
251,img_251_train.png,images/train/img_251_train.png,train,3840,2160,GED_Berlin,scene_01,center,495,frame_495.png
252,img_252_train.png,images/train/img_252_train.png,train,3840,2160,GED_Berlin,scene_01,center,498,frame_498.png
253,img_253_train.png,images/train/img_253_train.png,train,3840,2160,GED_Berlin,scene_01,center,508,frame_508.png
254,img_254_train.png,images/train/img_254_train.png,train,3840,2160,GED_Berlin,scene_01,center,514,frame_514.png
255,img_255_train.png,images/train/img_255_train.png,train,3840,2160,GED_Berlin,scene_01,center,542,frame_542.png
256,img_256_train.png,images/train/img_256_train.png,train,3840,2160,GED_Berlin,scene_01,center,556,frame_556.png
257,img_257_train.png,images/train/img_257_train.png,train,3840,2160,GED_Berlin,scene_01,center,559,frame_559.png
258,img_258_train.png,images/train/img_258_train.png,train,3840,2160,GED_Berlin,scene_01,center,577,frame_577.png
259,img_259_train.png,images/train/img_259_train.png,train,3840,2160,GED_Berlin,scene_01,center,580,frame_580.png
260,img_260_train.png,images/train/img_260_train.png,train,3840,2160,GED_Berlin,scene_01,center,584,frame_584.png
261,img_261_train.png,images/train/img_261_train.png,train,3840,2160,GED_Berlin,scene_01,center,609,frame_609.png
262,img_262_train.png,images/train/img_262_train.png,train,3840,2160,GED_Berlin,scene_01,center,628,frame_628.png
263,img_263_train.png,images/train/img_263_train.png,train,3840,2160,GED_Berlin,scene_01,center,635,frame_635.png
264,img_264_train.png,images/train/img_264_train.png,train,3840,2160,GED_Berlin,scene_01,center,657,frame_657.png
265,img_265_train.png,images/train/img_265_train.png,train,3840,2160,GED_Berlin,scene_01,center,690,frame_690.png
266,img_266_train.png,images/train/img_266_train.png,train,3840,2160,GED_Berlin,scene_01,center,719,frame_719.png
267,img_267_train.png,images/train/img_267_train.png,train,3840,2160,GED_Berlin,scene_01,center,786,frame_786.png
268,img_268_train.png,images/train/img_268_train.png,train,3840,2160,GED_Berlin,scene_01,center,799,frame_799.png
269,img_269_train.png,images/train/img_269_train.png,train,3840,2160,GED_Berlin,scene_01,center,810,frame_810.png
270,img_270_train.png,images/train/img_270_train.png,train,3840,2160,GED_Berlin,scene_01,center,817,frame_817.png
271,img_271_train.png,images/train/img_271_train.png,train,3840,2160,GED_Berlin,scene_01,center,827,frame_827.png
272,img_272_train.png,images/train/img_272_train.png,train,3840,2160,GED_Berlin,scene_01,center,831,frame_831.png
273,img_273_train.png,images/train/img_273_train.png,train,3840,2160,GED_Berlin,scene_01,center,833,frame_833.png
274,img_274_train.png,images/train/img_274_train.png,train,3840,2160,GED_Berlin,scene_01,center,839,frame_839.png
275,img_275_train.png,images/train/img_275_train.png,train,3840,2160,GED_Berlin,scene_01,center,843,frame_843.png
276,img_276_train.png,images/train/img_276_train.png,train,3840,2160,GED_Berlin,scene_01,center,852,frame_852.png
277,img_277_train.png,images/train/img_277_train.png,train,3840,2160,GED_Berlin,scene_01,center,869,frame_869.png
278,img_278_train.png,images/train/img_278_train.png,train,3840,2160,GED_Berlin,scene_01,center,897,frame_897.png
279,img_279_train.png,images/train/img_279_train.png,train,3840,2160,GED_Berlin,scene_01,center,983,frame_983.png
280,img_280_train.png,images/train/img_280_train.png,train,3840,2160,GED_Berlin,scene_01,center,992,frame_992.png
281,img_281_train.png,images/train/img_281_train.png,train,3840,2160,GED_Berlin,scene_01,center,994,frame_994.png
282,img_282_train.png,images/train/img_282_train.png,train,3840,2160,GED_Berlin,scene_01,center,995,frame_995.png
283,img_283_train.png,images/train/img_283_train.png,train,3840,2160,GED_Berlin,scene_01,center,997,frame_997.png
284,img_284_train.png,images/train/img_284_train.png,train,3840,2160,GED_Berlin,scene_01,center,999,frame_999.png
285,img_285_train.png,images/train/img_285_train.png,train,3840,2160,GED_Berlin,scene_01,center,1008,frame_1008.png
286,img_286_train.png,images/train/img_286_train.png,train,3840,2160,GED_Berlin,scene_01,center,1023,frame_1023.png
287,img_287_train.png,images/train/img_287_train.png,train,3840,2160,GED_Berlin,scene_01,center,1027,frame_1027.png
288,img_288_train.png,images/train/img_288_train.png,train,3840,2160,GED_Berlin,scene_01,center,1060,frame_1060.png
289,img_289_train.png,images/train/img_289_train.png,train,3840,2160,GED_Berlin,scene_01,center,1098,frame_1098.png
290,img_290_train.png,images/train/img_290_train.png,train,3840,2160,GED_Berlin,scene_01,center,1101,frame_1101.png
291,img_291_train.png,images/train/img_291_train.png,train,3840,2160,GED_Berlin,scene_01,center,1103,frame_1103.png
292,img_292_train.png,images/train/img_292_train.png,train,3840,2160,GED_Berlin,scene_01,center,1105,frame_1105.png
293,img_293_train.png,images/train/img_293_train.png,train,3840,2160,GED_Berlin,scene_01,center,1106,frame_1106.png
294,img_294_train.png,images/train/img_294_train.png,train,3840,2160,GED_Berlin,scene_01,center,1108,frame_1108.png
295,img_295_train.png,images/train/img_295_train.png,train,3840,2160,GED_Berlin,scene_01,center,1110,frame_1110.png
296,img_296_train.png,images/train/img_296_train.png,train,3840,2160,GED_Berlin,scene_01,center,1180,frame_1180.png
297,img_297_train.png,images/train/img_297_train.png,train,3840,2160,GED_Berlin,scene_01,center,1188,frame_1188.png
298,img_298_train.png,images/train/img_298_train.png,train,3840,2160,GED_Berlin,scene_01,center,1212,frame_1212.png
299,img_299_train.png,images/train/img_299_train.png,train,3840,2160,GED_Berlin,scene_01,center,1215,frame_1215.png
300,img_300_train.png,images/train/img_300_train.png,train,3840,2160,GED_Berlin,scene_01,center,1223,frame_1223.png
301,img_301_train.png,images/train/img_301_train.png,train,3840,2160,GED_Berlin,scene_01,center,1239,frame_1239.png
302,img_302_train.png,images/train/img_302_train.png,train,3840,2160,GED_Berlin,scene_01,center,1265,frame_1265.png
303,img_303_train.png,images/train/img_303_train.png,train,3840,2160,GED_Berlin,scene_01,center,1270,frame_1270.png
304,img_304_train.png,images/train/img_304_train.png,train,3840,2160,GED_Berlin,scene_01,center,1282,frame_1282.png
305,img_305_train.png,images/train/img_305_train.png,train,3840,2160,GED_Berlin,scene_01,center,1361,frame_1361.png
306,img_306_train.png,images/train/img_306_train.png,train,3840,2160,GED_Berlin,scene_01,center,1369,frame_1369.png
307,img_307_train.png,images/train/img_307_train.png,train,3840,2160,GED_Berlin,scene_01,center,1409,frame_1409.png
308,img_308_train.png,images/train/img_308_train.png,train,3840,2160,GED_Berlin,scene_01,center,1427,frame_1427.png
309,img_309_train.png,images/train/img_309_train.png,train,3840,2160,GED_Berlin,scene_01,center,1464,frame_1464.png
310,img_310_train.png,images/train/img_310_train.png,train,3840,2160,GED_Berlin,scene_01,center,1470,frame_1470.png
311,img_311_train.png,images/train/img_311_train.png,train,3840,2160,GED_Berlin,scene_01,center,1476,frame_1476.png
312,img_312_train.png,images/train/img_312_train.png,train,3840,2160,GED_Berlin,scene_01,center,1501,frame_1501.png
313,img_313_train.png,images/train/img_313_train.png,train,3840,2160,GED_Berlin,scene_01,center,1515,frame_1515.png
314,img_314_train.png,images/train/img_314_train.png,train,3840,2160,GED_Berlin,scene_01,center,1527,frame_1527.png
315,img_315_train.png,images/train/img_315_train.png,train,3840,2160,GED_Berlin,scene_01,center,1574,frame_1574.png
316,img_316_train.png,images/train/img_316_train.png,train,3840,2160,GED_Berlin,scene_01,center,1578,frame_1578.png
317,img_317_train.png,images/train/img_317_train.png,train,3840,2160,GED_Berlin,scene_01,center,1579,frame_1579.png
318,img_318_train.png,images/train/img_318_train.png,train,3840,2160,GED_Berlin,scene_01,center,1586,frame_1586.png
319,img_319_train.png,images/train/img_319_train.png,train,3840,2160,GED_Berlin,scene_01,center,1590,frame_1590.png
320,img_320_train.png,images/train/img_320_train.png,train,3840,2160,GED_Berlin,scene_01,center,1632,frame_1632.png
321,img_321_train.png,images/train/img_321_train.png,train,3840,2160,GED_Berlin,scene_01,center,1645,frame_1645.png
322,img_322_train.png,images/train/img_322_train.png,train,3840,2160,GED_Berlin,scene_01,center,1647,frame_1647.png
323,img_323_train.png,images/train/img_323_train.png,train,3840,2160,GED_Berlin,scene_01,center,1670,frame_1670.png
324,img_324_train.png,images/train/img_324_train.png,train,3840,2160,GED_Berlin,scene_01,center,1672,frame_1672.png
325,img_325_train.png,images/train/img_325_train.png,train,3840,2160,GED_Berlin,scene_01,center,1746,frame_1746.png
326,img_326_train.png,images/train/img_326_train.png,train,3840,2160,GED_Berlin,scene_01,center,1762,frame_1762.png
327,img_327_train.png,images/train/img_327_train.png,train,3840,2160,GED_Berlin,scene_01,center,1802,frame_1802.png
328,img_328_train.png,images/train/img_328_train.png,train,3840,2160,GED_Berlin,scene_01,center,1815,frame_1815.png
329,img_329_train.png,images/train/img_329_train.png,train,3840,2160,GED_Berlin,scene_01,center,1844,frame_1844.png
330,img_330_train.png,images/train/img_330_train.png,train,3840,2160,GED_Berlin,scene_01,center,1868,frame_1868.png
331,img_331_train.png,images/train/img_331_train.png,train,3840,2160,GED_Berlin,scene_01,center,1894,frame_1894.png
332,img_332_train.png,images/train/img_332_train.png,train,3840,2160,GED_Berlin,scene_01,center,1911,frame_1911.png
333,img_333_train.png,images/train/img_333_train.png,train,3840,2160,GED_Berlin,scene_01,center,1967,frame_1967.png
334,img_334_train.png,images/train/img_334_train.png,train,3840,2160,GED_Berlin,scene_01,center,1970,frame_1970.png
335,img_335_train.png,images/train/img_335_train.png,train,3840,2160,GED_Berlin,scene_01,center,1979,frame_1979.png
336,img_336_train.png,images/train/img_336_train.png,train,3840,2160,GED_Berlin,scene_01,center,1983,frame_1983.png
337,img_337_train.png,images/train/img_337_train.png,train,3840,2160,GED_Berlin,scene_01,center,1987,frame_1987.png
338,img_338_train.png,images/train/img_338_train.png,train,3840,2160,GED_Berlin,scene_01,center,2020,frame_2020.png
339,img_339_train.png,images/train/img_339_train.png,train,3840,2160,GED_Berlin,scene_01,center,2023,frame_2023.png
340,img_340_train.png,images/train/img_340_train.png,train,3840,2160,GED_Berlin,scene_01,center,2072,frame_2072.png
341,img_341_train.png,images/train/img_341_train.png,train,3840,2160,GED_Berlin,scene_01,center,2134,frame_2134.png
342,img_342_train.png,images/train/img_342_train.png,train,3840,2160,GED_Berlin,scene_01,center,2165,frame_2165.png
343,img_343_train.png,images/train/img_343_train.png,train,3840,2160,GED_Berlin,scene_01,center,2177,frame_2177.png
344,img_344_train.png,images/train/img_344_train.png,train,3840,2160,GED_Berlin,scene_01,center,2226,frame_2226.png
345,img_345_train.png,images/train/img_345_train.png,train,3840,2160,Hamburg_Frankfurt,scene_01,center,44,IMG_1240_frame_0044.png
346,img_346_train.png,images/train/img_346_train.png,train,3840,2160,Hamburg_Frankfurt,scene_01,center,59,IMG_1240_frame_0059.png
347,img_347_train.png,images/train/img_347_train.png,train,3840,2160,Hamburg_Frankfurt,scene_01,center,79,IMG_1240_frame_0079.png
348,img_348_train.png,images/train/img_348_train.png,train,3840,2160,Hamburg_Frankfurt,scene_01,center,91,IMG_1240_frame_0091.png
349,img_349_train.png,images/train/img_349_train.png,train,3840,2160,Hamburg_Frankfurt,scene_01,center,108,IMG_1240_frame_0108.png
350,img_350_train.png,images/train/img_350_train.png,train,3840,2160,Hamburg_Frankfurt,scene_01,center,137,IMG_1240_frame_0137.png
351,img_351_train.png,images/train/img_351_train.png,train,3840,2160,Hamburg_Frankfurt,scene_01,center,142,IMG_1240_frame_0142.png
352,img_352_train.png,images/train/img_352_train.png,train,3840,2160,Hamburg_Frankfurt,scene_01,center,145,IMG_1240_frame_0145.png
353,img_353_train.png,images/train/img_353_train.png,train,3840,2160,Hamburg_Frankfurt,scene_01,center,150,IMG_1240_frame_0150.png
354,img_354_train.png,images/train/img_354_train.png,train,3840,2160,Hamburg_Frankfurt,scene_01,center,154,IMG_1240_frame_0154.png
355,img_355_train.png,images/train/img_355_train.png,train,3840,2160,Hamburg_Frankfurt,scene_01,center,162,IMG_1240_frame_0162.png
356,img_356_train.png,images/train/img_356_train.png,train,3840,2160,Hamburg_Frankfurt,scene_01,center,175,IMG_1240_frame_0175.png
357,img_357_train.png,images/train/img_357_train.png,train,3840,2160,Hamburg_Frankfurt,scene_01,center,183,IMG_1240_frame_0183.png
358,img_358_train.png,images/train/img_358_train.png,train,3840,2160,Hamburg_Frankfurt,scene_01,center,190,IMG_1240_frame_0190.png
359,img_359_train.png,images/train/img_359_train.png,train,3840,2160,Hamburg_Frankfurt,scene_01,center,200,IMG_1240_frame_0200.png
360,img_360_train.png,images/train/img_360_train.png,train,3840,2160,Hamburg_Frankfurt,scene_01,center,204,IMG_1240_frame_0204.png
361,img_361_train.png,images/train/img_361_train.png,train,3840,2160,Hamburg_Frankfurt,scene_01,center,207,IMG_1240_frame_0207.png
362,img_362_train.png,images/train/img_362_train.png,train,3840,2160,Hamburg_Frankfurt,scene_01,center,228,IMG_1240_frame_0228.png
363,img_363_train.png,images/train/img_363_train.png,train,3840,2160,Hamburg_Frankfurt,scene_01,center,239,IMG_1240_frame_0239.png
364,img_364_train.png,images/train/img_364_train.png,train,3840,2160,Hamburg_Frankfurt,scene_01,center,251,IMG_1240_frame_0251.png
365,img_365_train.png,images/train/img_365_train.png,train,3840,2160,Hamburg_Frankfurt,scene_01,center,257,IMG_1240_frame_0257.png
366,img_366_train.png,images/train/img_366_train.png,train,3840,2160,Hamburg_Frankfurt,scene_01,center,260,IMG_1240_frame_0260.png
367,img_367_train.png,images/train/img_367_train.png,train,3840,2160,Hamburg_Frankfurt,scene_01,center,275,IMG_1240_frame_0275.png
368,img_368_train.png,images/train/img_368_train.png,train,3840,2160,Hamburg_Frankfurt,scene_01,center,287,IMG_1240_frame_0287.png
369,img_369_train.png,images/train/img_369_train.png,train,3840,2160,Hamburg_Frankfurt,scene_01,center,303,IMG_1240_frame_0303.png
370,img_370_train.png,images/train/img_370_train.png,train,3840,2160,Hamburg_Frankfurt,scene_01,center,366,IMG_1240_frame_0366.png
371,img_371_train.png,images/train/img_371_train.png,train,3840,2160,Hamburg_Frankfurt,scene_01,center,387,IMG_1240_frame_0387.png
372,img_372_train.png,images/train/img_372_train.png,train,3840,2160,Hamburg_Frankfurt,scene_01,center,392,IMG_1240_frame_0392.png
373,img_373_train.png,images/train/img_373_train.png,train,3840,2160,Hamburg_Frankfurt,scene_01,center,398,IMG_1240_frame_0398.png
374,img_374_train.png,images/train/img_374_train.png,train,3840,2160,Hamburg_Frankfurt,scene_01,center,431,IMG_1240_frame_0431.png
375,img_375_train.png,images/train/img_375_train.png,train,3840,2160,Hamburg_Frankfurt,scene_01,center,445,IMG_1240_frame_0445.png
376,img_376_train.png,images/train/img_376_train.png,train,3840,2160,Hamburg_Frankfurt,scene_01,center,458,IMG_1240_frame_0458.png
377,img_377_train.png,images/train/img_377_train.png,train,3840,2160,Hamburg_Frankfurt,scene_01,center,466,IMG_1240_frame_0466.png
378,img_378_train.png,images/train/img_378_train.png,train,3840,2160,Hamburg_Frankfurt,scene_01,center,471,IMG_1240_frame_0471.png
379,img_379_train.png,images/train/img_379_train.png,train,3840,2160,Hamburg_Frankfurt,scene_01,center,490,IMG_1240_frame_0490.png
380,img_380_train.png,images/train/img_380_train.png,train,3840,2160,Hamburg_Frankfurt,scene_01,center,501,IMG_1240_frame_0501.png
381,img_381_train.png,images/train/img_381_train.png,train,3840,2160,Hamburg_Frankfurt,scene_01,center,545,IMG_1240_frame_0545.png
382,img_382_train.png,images/train/img_382_train.png,train,3840,2160,Hamburg_Frankfurt,scene_01,center,559,IMG_1240_frame_0559.png
383,img_383_train.png,images/train/img_383_train.png,train,3840,2160,Hamburg_Frankfurt,scene_01,center,572,IMG_1240_frame_0572.png
384,img_384_train.png,images/train/img_384_train.png,train,3840,2160,Hamburg_Frankfurt,scene_01,center,591,IMG_1240_frame_0591.png
385,img_385_train.png,images/train/img_385_train.png,train,3840,2160,Hamburg_Frankfurt,scene_01,center,609,IMG_1240_frame_0609.png
386,img_386_train.png,images/train/img_386_train.png,train,3840,2160,Hamburg_Frankfurt,scene_01,center,628,IMG_1240_frame_0628.png
387,img_387_train.png,images/train/img_387_train.png,train,3840,2160,Hamburg_Frankfurt,scene_01,center,634,IMG_1240_frame_0634.png
388,img_388_train.png,images/train/img_388_train.png,train,3840,2160,Hamburg_Frankfurt,scene_01,center,641,IMG_1240_frame_0641.png
389,img_389_train.png,images/train/img_389_train.png,train,3840,2160,Hamburg_Frankfurt,scene_01,center,644,IMG_1240_frame_0644.png
390,img_390_train.png,images/train/img_390_train.png,train,3840,2160,Hamburg_Frankfurt,scene_01,center,648,IMG_1240_frame_0648.png
391,img_391_train.png,images/train/img_391_train.png,train,3840,2160,Hamburg_Frankfurt,scene_01,center,652,IMG_1240_frame_0652.png
392,img_392_train.png,images/train/img_392_train.png,train,3840,2160,Hamburg_Frankfurt,scene_01,center,659,IMG_1240_frame_0659.png
393,img_393_train.png,images/train/img_393_train.png,train,3840,2160,Hamburg_Frankfurt,scene_01,center,700,IMG_1240_frame_0700.png
394,img_394_train.png,images/train/img_394_train.png,train,3840,2160,Hamburg_Frankfurt,scene_01,center,730,IMG_1240_frame_0730.png
395,img_395_train.png,images/train/img_395_train.png,train,3840,2160,Hamburg_Frankfurt,scene_01,center,741,IMG_1240_frame_0741.png
396,img_396_train.png,images/train/img_396_train.png,train,3840,2160,Hamburg_Frankfurt,scene_01,center,768,IMG_1240_frame_0768.png
397,img_397_train.png,images/train/img_397_train.png,train,3840,2160,Hamburg_Frankfurt,scene_01,center,778,IMG_1240_frame_0778.png
398,img_398_train.png,images/train/img_398_train.png,train,3840,2160,Hamburg_Frankfurt,scene_01,center,782,IMG_1240_frame_0782.png
399,img_399_train.png,images/train/img_399_train.png,train,3840,2160,Hamburg_Frankfurt,scene_01,center,824,IMG_1240_frame_0824.png
400,img_400_train.png,images/train/img_400_train.png,train,3840,2160,Hamburg_Frankfurt,scene_01,center,898,IMG_1240_frame_0898.png
401,img_401_train.png,images/train/img_401_train.png,train,3840,2160,Hamburg_Frankfurt,scene_01,center,906,IMG_1240_frame_0906.png
402,img_402_train.png,images/train/img_402_train.png,train,3840,2160,Hamburg_Frankfurt,scene_01,center,925,IMG_1240_frame_0925.png
403,img_403_train.png,images/train/img_403_train.png,train,3840,2160,Hamburg_Frankfurt,scene_01,center,956,IMG_1240_frame_0956.png
404,img_404_train.png,images/train/img_404_train.png,train,3840,2160,Hamburg_Frankfurt,scene_01,center,964,IMG_1240_frame_0964.png
405,img_405_train.png,images/train/img_405_train.png,train,3840,2160,Hamburg_Frankfurt,scene_01,center,1042,IMG_1240_frame_1042.png
406,img_406_train.png,images/train/img_406_train.png,train,3840,2160,Hamburg_Frankfurt,scene_01,center,1063,IMG_1240_frame_1063.png
407,img_407_train.png,images/train/img_407_train.png,train,3840,2160,Hamburg_Frankfurt,scene_01,center,1417,IMG_1240_frame_1417.png
408,img_408_train.png,images/train/img_408_train.png,train,3840,2160,Hamburg_Frankfurt,scene_01,center,1431,IMG_1240_frame_1431.png
409,img_409_train.png,images/train/img_409_train.png,train,3840,2160,Hamburg_Frankfurt,scene_01,center,1446,IMG_1240_frame_1446.png
410,img_410_train.png,images/train/img_410_train.png,train,3840,2160,Hamburg_Frankfurt,scene_01,center,1545,IMG_1240_frame_1545.png
411,img_411_train.png,images/train/img_411_train.png,train,3840,2160,Hamburg_Frankfurt,scene_01,center,1558,IMG_1240_frame_1558.png
412,img_412_train.png,images/train/img_412_train.png,train,3840,2160,Hamburg_Frankfurt,scene_01,center,1587,IMG_1240_frame_1587.png
413,img_413_train.png,images/train/img_413_train.png,train,3840,2160,Hamburg_Frankfurt,scene_01,center,1611,IMG_1240_frame_1611.png
414,img_414_train.png,images/train/img_414_train.png,train,3840,2160,Hamburg_Frankfurt,scene_01,center,1614,IMG_1240_frame_1614.png
415,img_415_train.png,images/train/img_415_train.png,train,3840,2160,Hamburg_Frankfurt,scene_01,center,1628,IMG_1240_frame_1628.png
416,img_416_train.png,images/train/img_416_train.png,train,3840,2160,Hamburg_Frankfurt,scene_01,center,4976,IMG_1240_frame_4976.png
417,img_417_train.png,images/train/img_417_train.png,train,3840,2160,Hamburg_Frankfurt,scene_01,center,5035,IMG_1240_frame_5035.png
418,img_418_train.png,images/train/img_418_train.png,train,3840,2160,Hamburg_Frankfurt,scene_01,center,5055,IMG_1240_frame_5055.png
419,img_419_train.png,images/train/img_419_train.png,train,3840,2160,Hamburg_Frankfurt,scene_01,center,5070,IMG_1240_frame_5070.png
420,img_420_train.png,images/train/img_420_train.png,train,3840,2160,Hamburg_Frankfurt,scene_01,center,5111,IMG_1240_frame_5111.png
421,img_421_train.png,images/train/img_421_train.png,train,3840,2160,Hamburg_Frankfurt,scene_01,center,5169,IMG_1240_frame_5169.png
422,img_422_train.png,images/train/img_422_train.png,train,3840,2160,Hamburg_Frankfurt,scene_01,center,5178,IMG_1240_frame_5178.png
423,img_423_train.png,images/train/img_423_train.png,train,3840,2160,Hamburg_Frankfurt,scene_01,center,5227,IMG_1240_frame_5227.png
424,img_424_train.png,images/train/img_424_train.png,train,3840,2160,Hamburg_Frankfurt,scene_01,center,5241,IMG_1240_frame_5241.png
425,img_425_train.png,images/train/img_425_train.png,train,3840,2160,Hamburg_Frankfurt,scene_01,center,5254,IMG_1240_frame_5254.png
426,img_426_train.png,images/train/img_426_train.png,train,3840,2160,Hamburg_Frankfurt,scene_01,center,5269,IMG_1240_frame_5269.png
427,img_427_train.png,images/train/img_427_train.png,train,3840,2160,Hamburg_Frankfurt,scene_01,center,5279,IMG_1240_frame_5279.png
428,img_428_train.png,images/train/img_428_train.png,train,3840,2160,Hamburg_Frankfurt,scene_01,center,5292,IMG_1240_frame_5292.png
429,img_429_train.png,images/train/img_429_train.png,train,3840,2160,Hamburg_Frankfurt,scene_01,center,5299,IMG_1240_frame_5299.png
430,img_430_train.png,images/train/img_430_train.png,train,3840,2160,Hamburg_Frankfurt,scene_01,center,5302,IMG_1240_frame_5302.png
431,img_431_train.png,images/train/img_431_train.png,train,3840,2160,Hamburg_Frankfurt,scene_01,center,5305,IMG_1240_frame_5305.png
432,img_432_train.png,images/train/img_432_train.png,train,3840,2160,Hamburg_Frankfurt,scene_01,center,5316,IMG_1240_frame_5316.png
433,img_433_train.png,images/train/img_433_train.png,train,3840,2160,Hannover_BadBentheim,scene_01,center,30,frame_0030.png
434,img_434_train.png,images/train/img_434_train.png,train,3840,2160,Hannover_BadBentheim,scene_01,center,50,frame_0050.png
435,img_435_train.png,images/train/img_435_train.png,train,3840,2160,Hannover_BadBentheim,scene_01,center,57,frame_0057.png
436,img_436_train.png,images/train/img_436_train.png,train,3840,2160,Hannover_BadBentheim,scene_01,center,76,frame_0076.png
437,img_437_train.png,images/train/img_437_train.png,train,3840,2160,Hannover_BadBentheim,scene_01,center,89,frame_0089.png
438,img_438_train.png,images/train/img_438_train.png,train,3840,2160,Hannover_BadBentheim,scene_01,center,100,frame_0100.png
439,img_439_train.png,images/train/img_439_train.png,train,3840,2160,Hannover_BadBentheim,scene_01,center,119,frame_0119.png
440,img_440_train.png,images/train/img_440_train.png,train,3840,2160,Hannover_BadBentheim,scene_01,center,136,frame_0136.png
441,img_441_train.png,images/train/img_441_train.png,train,3840,2160,Hannover_BadBentheim,scene_01,center,156,frame_0156.png
442,img_442_train.png,images/train/img_442_train.png,train,3840,2160,Hannover_BadBentheim,scene_01,center,180,frame_0180.png
443,img_443_train.png,images/train/img_443_train.png,train,3840,2160,Hannover_BadBentheim,scene_01,center,187,frame_0187.png
444,img_444_train.png,images/train/img_444_train.png,train,3840,2160,Hannover_BadBentheim,scene_01,center,196,frame_0196.png
445,img_445_train.png,images/train/img_445_train.png,train,3840,2160,Hannover_BadBentheim,scene_01,center,208,frame_0208.png
446,img_446_train.png,images/train/img_446_train.png,train,3840,2160,Hannover_BadBentheim,scene_01,center,212,frame_0212.png
447,img_447_train.png,images/train/img_447_train.png,train,3840,2160,Hannover_BadBentheim,scene_01,center,214,frame_0214.png
448,img_448_train.png,images/train/img_448_train.png,train,3840,2160,Hannover_BadBentheim,scene_01,center,220,frame_0220.png
449,img_449_train.png,images/train/img_449_train.png,train,3840,2160,Hannover_BadBentheim,scene_01,center,227,frame_0227.png
450,img_450_train.png,images/train/img_450_train.png,train,3840,2160,Hannover_BadBentheim,scene_01,center,229,frame_0229.png
451,img_451_train.png,images/train/img_451_train.png,train,3840,2160,Hannover_BadBentheim,scene_01,center,241,frame_0241.png
452,img_452_train.png,images/train/img_452_train.png,train,3840,2160,Hannover_BadBentheim,scene_01,center,251,frame_0251.png
453,img_453_train.png,images/train/img_453_train.png,train,3840,2160,Hannover_BadBentheim,scene_01,center,257,frame_0257.png
454,img_454_train.png,images/train/img_454_train.png,train,3840,2160,Hannover_BadBentheim,scene_01,center,269,frame_0269.png
455,img_455_train.png,images/train/img_455_train.png,train,3840,2160,Hannover_BadBentheim,scene_01,center,274,frame_0274.png
456,img_456_train.png,images/train/img_456_train.png,train,3840,2160,Hannover_BadBentheim,scene_01,center,279,frame_0279.png
457,img_457_train.png,images/train/img_457_train.png,train,3840,2160,Hannover_BadBentheim,scene_01,center,285,frame_0285.png
458,img_458_train.png,images/train/img_458_train.png,train,3840,2160,Hannover_BadBentheim,scene_01,center,296,frame_0296.png
459,img_459_train.png,images/train/img_459_train.png,train,3840,2160,Hannover_BadBentheim,scene_01,center,300,frame_0300.png
460,img_460_train.png,images/train/img_460_train.png,train,3840,2160,Hannover_BadBentheim,scene_01,center,310,frame_0310.png
461,img_461_train.png,images/train/img_461_train.png,train,3840,2160,Hannover_BadBentheim,scene_01,center,313,frame_0313.png
462,img_462_train.png,images/train/img_462_train.png,train,3840,2160,Hannover_BadBentheim,scene_01,center,319,frame_0319.png
463,img_463_train.png,images/train/img_463_train.png,train,3840,2160,Hannover_BadBentheim,scene_01,center,334,frame_0334.png
464,img_464_train.png,images/train/img_464_train.png,train,3840,2160,Hannover_BadBentheim,scene_01,center,348,frame_0348.png
465,img_465_train.png,images/train/img_465_train.png,train,3840,2160,Hannover_BadBentheim,scene_01,center,355,frame_0355.png
466,img_466_train.png,images/train/img_466_train.png,train,3840,2160,Hannover_BadBentheim,scene_01,center,370,frame_0370.png
467,img_467_train.png,images/train/img_467_train.png,train,3840,2160,Hannover_BadBentheim,scene_01,center,373,frame_0373.png
468,img_468_train.png,images/train/img_468_train.png,train,3840,2160,Hannover_BadBentheim,scene_01,center,375,frame_0375.png
469,img_469_train.png,images/train/img_469_train.png,train,3840,2160,Hannover_BadBentheim,scene_01,center,390,frame_0390.png
470,img_470_train.png,images/train/img_470_train.png,train,3840,2160,Hannover_BadBentheim,scene_01,center,405,frame_0405.png
471,img_471_train.png,images/train/img_471_train.png,train,3840,2160,Hannover_BadBentheim,scene_01,center,415,frame_0415.png
472,img_472_train.png,images/train/img_472_train.png,train,3840,2160,Hannover_BadBentheim,scene_01,center,421,frame_0421.png
473,img_473_train.png,images/train/img_473_train.png,train,3840,2160,Hannover_BadBentheim,scene_01,center,427,frame_0427.png
474,img_474_train.png,images/train/img_474_train.png,train,3840,2160,Hannover_BadBentheim,scene_01,center,435,frame_0435.png
475,img_475_train.png,images/train/img_475_train.png,train,3840,2160,Hannover_BadBentheim,scene_01,center,439,frame_0439.png
476,img_476_train.png,images/train/img_476_train.png,train,3840,2160,Hannover_BadBentheim,scene_01,center,446,frame_0446.png
477,img_477_train.png,images/train/img_477_train.png,train,3840,2160,Hannover_BadBentheim,scene_01,center,448,frame_0448.png
478,img_478_train.png,images/train/img_478_train.png,train,3840,2160,Hannover_BadBentheim,scene_01,center,450,frame_0450.png
479,img_479_train.png,images/train/img_479_train.png,train,3840,2160,Hannover_BadBentheim,scene_01,center,457,frame_0457.png
480,img_480_train.png,images/train/img_480_train.png,train,3840,2160,Hannover_BadBentheim,scene_01,center,479,frame_0479.png
481,img_481_train.png,images/train/img_481_train.png,train,3840,2160,Hannover_BadBentheim,scene_01,center,490,frame_0490.png
482,img_482_train.png,images/train/img_482_train.png,train,3840,2160,Hannover_BadBentheim,scene_01,center,528,frame_0528.png
483,img_483_train.png,images/train/img_483_train.png,train,3840,2160,Hannover_BadBentheim,scene_01,center,555,frame_0555.png
484,img_484_train.png,images/train/img_484_train.png,train,3840,2160,Hannover_BadBentheim,scene_01,center,611,frame_0611.png
485,img_485_train.png,images/train/img_485_train.png,train,3840,2160,Hannover_BadBentheim,scene_01,center,660,frame_0660.png
486,img_486_train.png,images/train/img_486_train.png,train,3840,2160,Hannover_BadBentheim,scene_01,center,667,frame_0667.png
487,img_487_train.png,images/train/img_487_train.png,train,3840,2160,Hannover_BadBentheim,scene_01,center,710,frame_0710.png
488,img_488_train.png,images/train/img_488_train.png,train,3840,2160,Hannover_BadBentheim,scene_01,center,775,frame_0775.png
489,img_489_train.png,images/train/img_489_train.png,train,3840,2160,Hannover_BadBentheim,scene_01,center,788,frame_0788.png
490,img_490_train.png,images/train/img_490_train.png,train,3840,2160,Hannover_BadBentheim,scene_01,center,807,frame_0807.png
491,img_491_train.png,images/train/img_491_train.png,train,3840,2160,Hannover_BadBentheim,scene_01,center,816,frame_0816.png
492,img_492_train.png,images/train/img_492_train.png,train,3840,2160,Hannover_BadBentheim,scene_01,center,850,frame_0850.png
493,img_493_train.png,images/train/img_493_train.png,train,3840,2160,Hannover_BadBentheim,scene_01,center,859,frame_0859.png
494,img_494_train.png,images/train/img_494_train.png,train,3840,2160,Hannover_BadBentheim,scene_01,center,868,frame_0868.png
495,img_495_train.png,images/train/img_495_train.png,train,3840,2160,Hannover_BadBentheim,scene_01,center,879,frame_0879.png
496,img_496_train.png,images/train/img_496_train.png,train,3840,2160,Hannover_BadBentheim,scene_01,center,901,frame_0901.png
497,img_497_train.png,images/train/img_497_train.png,train,3840,2160,Hannover_BadBentheim,scene_01,center,910,frame_0910.png
498,img_498_train.png,images/train/img_498_train.png,train,3840,2160,Hannover_BadBentheim,scene_01,center,932,frame_0932.png
499,img_499_train.png,images/train/img_499_train.png,train,3840,2160,Hannover_BadBentheim,scene_01,center,969,frame_0969.png
500,img_500_train.png,images/train/img_500_train.png,train,3840,2160,Hannover_BadBentheim,scene_01,center,1028,frame_1028.png
501,img_501_train.png,images/train/img_501_train.png,train,3840,2160,Hannover_BadBentheim,scene_01,center,1055,frame_1055.png
502,img_502_train.png,images/train/img_502_train.png,train,3840,2160,Hannover_BadBentheim,scene_01,center,1090,frame_1090.png
503,img_503_train.png,images/train/img_503_train.png,train,3840,2160,Hannover_BadBentheim,scene_01,center,1103,frame_1103.png
504,img_504_train.png,images/train/img_504_train.png,train,3840,2160,Hannover_BadBentheim,scene_01,center,1167,frame_1167.png
505,img_505_train.png,images/train/img_505_train.png,train,3840,2160,Hannover_BadBentheim,scene_01,center,1182,frame_1182.png
506,img_506_train.png,images/train/img_506_train.png,train,3840,2160,Hannover_BadBentheim,scene_01,center,1205,frame_1205.png
507,img_507_train.png,images/train/img_507_train.png,train,3840,2160,Hannover_BadBentheim,scene_01,center,1255,frame_1255.png
508,img_508_train.png,images/train/img_508_train.png,train,3840,2160,Hannover_BadBentheim,scene_01,center,1274,frame_1274.png
509,img_509_train.png,images/train/img_509_train.png,train,3840,2160,Hannover_BadBentheim,scene_01,center,1292,frame_1292.png
510,img_510_train.png,images/train/img_510_train.png,train,3840,2160,Hannover_BadBentheim,scene_01,center,1297,frame_1297.png
511,img_511_train.png,images/train/img_511_train.png,train,3840,2160,Hannover_BadBentheim,scene_01,center,2281,frame_2281.png
512,img_512_train.png,images/train/img_512_train.png,train,3840,2160,Hannover_BadBentheim,scene_01,center,2338,frame_2338.png
513,img_513_train.png,images/train/img_513_train.png,train,3840,2160,Hannover_BadBentheim,scene_01,center,2549,frame_2549.png
514,img_514_train.png,images/train/img_514_train.png,train,3840,2160,Hannover_BadBentheim,scene_01,center,2556,frame_2556.png
515,img_515_train.png,images/train/img_515_train.png,train,3840,2160,Hannover_BadBentheim,scene_01,center,2751,frame_2751.png
516,img_516_train.png,images/train/img_516_train.png,train,3840,2160,Hannover_BadBentheim,scene_01,center,2873,frame_2873.png
517,img_517_train.png,images/train/img_517_train.png,train,3840,2160,Hannover_BadBentheim,scene_01,center,2935,frame_2935.png
518,img_518_train.png,images/train/img_518_train.png,train,3840,2160,Hannover_BadBentheim,scene_01,center,2991,frame_2991.png
519,img_519_train.png,images/train/img_519_train.png,train,3840,2160,Hannover_BadBentheim,scene_01,center,3004,frame_3004.png
520,img_520_train.png,images/train/img_520_train.png,train,3840,2160,Hannover_BadBentheim,scene_01,center,3011,frame_3011.png
521,img_521_train.png,images/train/img_521_train.png,train,3840,2160,Hannover_BadBentheim,scene_01,center,3025,frame_3025.png
522,img_522_train.png,images/train/img_522_train.png,train,3840,2160,Hannover_BadBentheim,scene_01,center,3037,frame_3037.png
523,img_523_train.png,images/train/img_523_train.png,train,3840,2160,Hannover_BadBentheim,scene_01,center,3093,frame_3093.png
524,img_524_train.png,images/train/img_524_train.png,train,3840,2160,Hannover_BadBentheim,scene_01,center,3204,frame_3204.png
525,img_525_train.png,images/train/img_525_train.png,train,3840,2160,Hannover_BadBentheim,scene_01,center,3218,frame_3218.png
526,img_526_train.png,images/train/img_526_train.png,train,3840,2160,Hannover_BadBentheim,scene_01,center,3230,frame_3230.png
527,img_527_train.png,images/train/img_527_train.png,train,3840,2160,Hannover_BadBentheim,scene_01,center,3357,frame_3357.png
528,img_528_train.png,images/train/img_528_train.png,train,3840,2160,Hannover_BadBentheim,scene_01,center,3371,frame_3371.png
529,img_529_train.png,images/train/img_529_train.png,train,3840,2160,Hannover_BadBentheim,scene_01,center,3380,frame_3380.png
530,img_530_train.png,images/train/img_530_train.png,train,3840,2160,Hannover_BadBentheim,scene_01,center,3592,frame_3592.png
531,img_531_train.png,images/train/img_531_train.png,train,3840,2160,Hannover_BadBentheim,scene_01,center,3615,frame_3615.png
532,img_532_train.png,images/train/img_532_train.png,train,3840,2160,Hannover_BadBentheim,scene_01,center,3822,frame_3822.png
533,img_533_train.png,images/train/img_533_train.png,train,3840,2160,Hannover_BadBentheim,scene_01,center,3830,frame_3830.png
534,img_534_train.png,images/train/img_534_train.png,train,3840,2160,Hannover_BadBentheim,scene_01,center,3875,frame_3875.png
535,img_535_train.png,images/train/img_535_train.png,train,3840,2160,Hannover_BadBentheim,scene_01,center,3938,frame_3938.png
536,img_536_train.png,images/train/img_536_train.png,train,3840,2160,Hannover_BadBentheim,scene_01,center,3959,frame_3959.png
537,img_537_train.png,images/train/img_537_train.png,train,3840,2160,Hannover_BadBentheim,scene_01,center,4059,frame_4059.png
538,img_538_train.png,images/train/img_538_train.png,train,3840,2160,Hannover_BadBentheim,scene_01,center,4168,frame_4168.png
539,img_539_train.png,images/train/img_539_train.png,train,3840,2160,Hannover_BadBentheim,scene_01,center,4177,frame_4177.png
540,img_540_train.png,images/train/img_540_train.png,train,3840,2160,Hannover_BadBentheim,scene_01,center,4251,frame_4251.png
541,img_541_train.png,images/train/img_541_train.png,train,3840,2160,Hannover_BadBentheim,scene_01,center,4284,frame_4284.png
542,img_542_train.png,images/train/img_542_train.png,train,3840,2160,Hannover_BadBentheim,scene_01,center,4296,frame_4296.png
543,img_543_train.png,images/train/img_543_train.png,train,3840,2160,Hannover_BadBentheim,scene_01,center,4325,frame_4325.png
544,img_544_train.png,images/train/img_544_train.png,train,3840,2160,Hannover_BadBentheim,scene_01,center,4361,frame_4361.png
545,img_545_train.png,images/train/img_545_train.png,train,3840,2160,Hannover_BadBentheim,scene_01,center,4368,frame_4368.png
546,img_546_train.png,images/train/img_546_train.png,train,3840,2160,Itzehoe_Westerland,scene_01,center,998,DSC_0234_frame_0998.png
547,img_547_train.png,images/train/img_547_train.png,train,3840,2160,Itzehoe_Westerland,scene_01,center,1182,DSC_0234_frame_1182.png
548,img_548_train.png,images/train/img_548_train.png,train,3840,2160,Itzehoe_Westerland,scene_01,center,1187,DSC_0234_frame_1187.png
549,img_549_train.png,images/train/img_549_train.png,train,3840,2160,Itzehoe_Westerland,scene_01,center,1192,DSC_0234_frame_1192.png
550,img_550_train.png,images/train/img_550_train.png,train,3840,2160,Itzehoe_Westerland,scene_01,center,1197,DSC_0234_frame_1197.png
551,img_551_train.png,images/train/img_551_train.png,train,3840,2160,Itzehoe_Westerland,scene_01,center,1221,DSC_0234_frame_1221.png
552,img_552_train.png,images/train/img_552_train.png,train,3840,2160,Itzehoe_Westerland,scene_01,center,1407,DSC_0234_frame_1407.png
553,img_553_train.png,images/train/img_553_train.png,train,3840,2160,Itzehoe_Westerland,scene_01,center,1410,DSC_0234_frame_1410.png
554,img_554_train.png,images/train/img_554_train.png,train,3840,2160,Itzehoe_Westerland,scene_02,center,0,DSC_0235_frame_0000.png
555,img_555_train.png,images/train/img_555_train.png,train,3840,2160,Itzehoe_Westerland,scene_02,center,10,DSC_0235_frame_0010.png
556,img_556_train.png,images/train/img_556_train.png,train,3840,2160,Itzehoe_Westerland,scene_02,center,22,DSC_0235_frame_0022.png
557,img_557_train.png,images/train/img_557_train.png,train,3840,2160,Itzehoe_Westerland,scene_02,center,34,DSC_0235_frame_0034.png
558,img_558_train.png,images/train/img_558_train.png,train,3840,2160,Itzehoe_Westerland,scene_02,center,57,DSC_0235_frame_0057.png
559,img_559_train.png,images/train/img_559_train.png,train,3840,2160,Itzehoe_Westerland,scene_02,center,90,DSC_0235_frame_0090.png
560,img_560_train.png,images/train/img_560_train.png,train,3840,2160,Itzehoe_Westerland,scene_02,center,108,DSC_0235_frame_0108.png
561,img_561_train.png,images/train/img_561_train.png,train,3840,2160,Itzehoe_Westerland,scene_02,center,115,DSC_0235_frame_0115.png
562,img_562_train.png,images/train/img_562_train.png,train,3840,2160,Itzehoe_Westerland,scene_02,center,126,DSC_0235_frame_0126.png
563,img_563_train.png,images/train/img_563_train.png,train,3840,2160,Itzehoe_Westerland,scene_02,center,138,DSC_0235_frame_0138.png
564,img_564_train.png,images/train/img_564_train.png,train,3840,2160,Itzehoe_Westerland,scene_02,center,146,DSC_0235_frame_0146.png
565,img_565_train.png,images/train/img_565_train.png,train,3840,2160,Itzehoe_Westerland,scene_02,center,151,DSC_0235_frame_0151.png
566,img_566_train.png,images/train/img_566_train.png,train,3840,2160,Itzehoe_Westerland,scene_02,center,293,DSC_0235_frame_0293.png
567,img_567_train.png,images/train/img_567_train.png,train,3840,2160,Itzehoe_Westerland,scene_02,center,307,DSC_0235_frame_0307.png
568,img_568_train.png,images/train/img_568_train.png,train,3840,2160,Itzehoe_Westerland,scene_02,center,313,DSC_0235_frame_0313.png
569,img_569_train.png,images/train/img_569_train.png,train,3840,2160,Itzehoe_Westerland,scene_02,center,320,DSC_0235_frame_0320.png
570,img_570_train.png,images/train/img_570_train.png,train,3840,2160,Itzehoe_Westerland,scene_02,center,348,DSC_0235_frame_0348.png
571,img_571_train.png,images/train/img_571_train.png,train,3840,2160,Itzehoe_Westerland,scene_02,center,368,DSC_0235_frame_0368.png
572,img_572_train.png,images/train/img_572_train.png,train,3840,2160,Itzehoe_Westerland,scene_02,center,370,DSC_0235_frame_0370.png
573,img_573_train.png,images/train/img_573_train.png,train,3840,2160,Itzehoe_Westerland,scene_02,center,374,DSC_0235_frame_0374.png
574,img_574_train.png,images/train/img_574_train.png,train,3840,2160,Itzehoe_Westerland,scene_02,center,390,DSC_0235_frame_0390.png
575,img_575_train.png,images/train/img_575_train.png,train,3840,2160,Itzehoe_Westerland,scene_02,center,401,DSC_0235_frame_0401.png
576,img_576_train.png,images/train/img_576_train.png,train,3840,2160,Itzehoe_Westerland,scene_03,center,1,DSC_0236_frame_0001.png
577,img_577_train.png,images/train/img_577_train.png,train,3840,2160,Itzehoe_Westerland,scene_03,center,4,DSC_0236_frame_0004.png
578,img_578_train.png,images/train/img_578_train.png,train,3840,2160,Itzehoe_Westerland,scene_03,center,14,DSC_0236_frame_0014.png
579,img_579_train.png,images/train/img_579_train.png,train,3840,2160,Itzehoe_Westerland,scene_03,center,37,DSC_0236_frame_0037.png
580,img_580_train.png,images/train/img_580_train.png,train,3840,2160,Itzehoe_Westerland,scene_03,center,56,DSC_0236_frame_0056.png
581,img_581_train.png,images/train/img_581_train.png,train,3840,2160,Itzehoe_Westerland,scene_03,center,65,DSC_0236_frame_0065.png
582,img_582_train.png,images/train/img_582_train.png,train,3840,2160,Itzehoe_Westerland,scene_03,center,76,DSC_0236_frame_0076.png
583,img_583_train.png,images/train/img_583_train.png,train,3840,2160,Itzehoe_Westerland,scene_03,center,113,DSC_0236_frame_0113.png
584,img_584_train.png,images/train/img_584_train.png,train,3840,2160,Itzehoe_Westerland,scene_03,center,121,DSC_0236_frame_0121.png
585,img_585_train.png,images/train/img_585_train.png,train,3840,2160,Itzehoe_Westerland,scene_03,center,149,DSC_0236_frame_0149.png
586,img_586_train.png,images/train/img_586_train.png,train,3840,2160,Itzehoe_Westerland,scene_03,center,180,DSC_0236_frame_0180.png
587,img_587_train.png,images/train/img_587_train.png,train,3840,2160,Itzehoe_Westerland,scene_03,center,194,DSC_0236_frame_0194.png
588,img_588_train.png,images/train/img_588_train.png,train,3840,2160,Itzehoe_Westerland,scene_03,center,239,DSC_0236_frame_0239.png
589,img_589_train.png,images/train/img_589_train.png,train,3840,2160,Itzehoe_Westerland,scene_03,center,248,DSC_0236_frame_0248.png
590,img_590_train.png,images/train/img_590_train.png,train,3840,2160,Itzehoe_Westerland,scene_03,center,258,DSC_0236_frame_0258.png
591,img_591_train.png,images/train/img_591_train.png,train,3840,2160,Itzehoe_Westerland,scene_03,center,270,DSC_0236_frame_0270.png
592,img_592_train.png,images/train/img_592_train.png,train,3840,2160,Itzehoe_Westerland,scene_04,center,12,DSC_0238_frame_0012.png
593,img_593_train.png,images/train/img_593_train.png,train,3840,2160,Itzehoe_Westerland,scene_04,center,39,DSC_0238_frame_0039.png
594,img_594_train.png,images/train/img_594_train.png,train,3840,2160,Itzehoe_Westerland,scene_04,center,42,DSC_0238_frame_0042.png
595,img_595_train.png,images/train/img_595_train.png,train,3840,2160,Itzehoe_Westerland,scene_04,center,87,DSC_0238_frame_0087.png
596,img_596_train.png,images/train/img_596_train.png,train,3840,2160,Itzehoe_Westerland,scene_04,center,109,DSC_0238_frame_0109.png
597,img_597_train.png,images/train/img_597_train.png,train,3840,2160,Itzehoe_Westerland,scene_04,center,119,DSC_0238_frame_0119.png
598,img_598_train.png,images/train/img_598_train.png,train,3840,2160,Itzehoe_Westerland,scene_04,center,129,DSC_0238_frame_0129.png
599,img_599_train.png,images/train/img_599_train.png,train,3840,2160,Itzehoe_Westerland,scene_04,center,151,DSC_0238_frame_0151.png
600,img_600_train.png,images/train/img_600_train.png,train,3840,2160,Itzehoe_Westerland,scene_04,center,169,DSC_0238_frame_0169.png
601,img_601_train.png,images/train/img_601_train.png,train,3840,2160,Itzehoe_Westerland,scene_04,center,180,DSC_0238_frame_0180.png
602,img_602_train.png,images/train/img_602_train.png,train,3840,2160,Itzehoe_Westerland,scene_04,center,194,DSC_0238_frame_0194.png
603,img_603_train.png,images/train/img_603_train.png,train,3840,2160,Itzehoe_Westerland,scene_04,center,200,DSC_0238_frame_0200.png
604,img_604_train.png,images/train/img_604_train.png,train,3840,2160,Itzehoe_Westerland,scene_04,center,203,DSC_0238_frame_0203.png
605,img_605_train.png,images/train/img_605_train.png,train,3840,2160,Itzehoe_Westerland,scene_04,center,206,DSC_0238_frame_0206.png
606,img_606_train.png,images/train/img_606_train.png,train,3840,2160,Itzehoe_Westerland,scene_04,center,213,DSC_0238_frame_0213.png
607,img_607_train.png,images/train/img_607_train.png,train,3840,2160,Itzehoe_Westerland,scene_04,center,364,DSC_0238_frame_0364.png
608,img_608_train.png,images/train/img_608_train.png,train,3840,2160,Itzehoe_Westerland,scene_04,center,389,DSC_0238_frame_0389.png
609,img_609_train.png,images/train/img_609_train.png,train,3840,2160,Itzehoe_Westerland,scene_04,center,397,DSC_0238_frame_0397.png
610,img_610_train.png,images/train/img_610_train.png,train,3840,2160,Itzehoe_Westerland,scene_04,center,403,DSC_0238_frame_0403.png
611,img_611_train.png,images/train/img_611_train.png,train,3840,2160,Itzehoe_Westerland,scene_04,center,406,DSC_0238_frame_0406.png
612,img_612_train.png,images/train/img_612_train.png,train,3840,2160,Itzehoe_Westerland,scene_04,center,420,DSC_0238_frame_0420.png
613,img_613_train.png,images/train/img_613_train.png,train,3840,2160,Itzehoe_Westerland,scene_04,center,433,DSC_0238_frame_0433.png
614,img_614_train.png,images/train/img_614_train.png,train,3840,2160,Itzehoe_Westerland,scene_04,center,448,DSC_0238_frame_0448.png
615,img_615_train.png,images/train/img_615_train.png,train,3840,2160,Itzehoe_Westerland,scene_04,center,481,DSC_0238_frame_0481.png
616,img_616_train.png,images/train/img_616_train.png,train,3840,2160,Itzehoe_Westerland,scene_04,center,513,DSC_0238_frame_0513.png
617,img_617_train.png,images/train/img_617_train.png,train,3840,2160,Itzehoe_Westerland,scene_04,center,565,DSC_0238_frame_0565.png
618,img_618_train.png,images/train/img_618_train.png,train,3840,2160,Itzehoe_Westerland,scene_04,center,659,DSC_0238_frame_0659.png
619,img_619_train.png,images/train/img_619_train.png,train,3840,2160,Itzehoe_Westerland,scene_04,center,661,DSC_0238_frame_0661.png
620,img_620_train.png,images/train/img_620_train.png,train,3840,2160,Itzehoe_Westerland,scene_04,center,666,DSC_0238_frame_0666.png
621,img_621_train.png,images/train/img_621_train.png,train,3840,2160,Itzehoe_Westerland,scene_04,center,679,DSC_0238_frame_0679.png
622,img_622_train.png,images/train/img_622_train.png,train,3840,2160,Itzehoe_Westerland,scene_04,center,685,DSC_0238_frame_0685.png
623,img_623_train.png,images/train/img_623_train.png,train,3840,2160,Itzehoe_Westerland,scene_04,center,695,DSC_0238_frame_0695.png
624,img_624_train.png,images/train/img_624_train.png,train,3840,2160,Itzehoe_Westerland,scene_04,center,723,DSC_0238_frame_0723.png
625,img_625_train.png,images/train/img_625_train.png,train,3840,2160,Itzehoe_Westerland,scene_04,center,845,DSC_0238_frame_0845.png
626,img_626_train.png,images/train/img_626_train.png,train,3840,2160,Itzehoe_Westerland,scene_04,center,850,DSC_0238_frame_0850.png
627,img_627_train.png,images/train/img_627_train.png,train,3840,2160,Itzehoe_Westerland,scene_04,center,853,DSC_0238_frame_0853.png
628,img_628_train.png,images/train/img_628_train.png,train,3840,2160,Itzehoe_Westerland,scene_04,center,951,DSC_0238_frame_0951.png
629,img_629_train.png,images/train/img_629_train.png,train,3840,2160,Itzehoe_Westerland,scene_04,center,967,DSC_0238_frame_0967.png
630,img_630_train.png,images/train/img_630_train.png,train,3840,2160,Itzehoe_Westerland,scene_04,center,970,DSC_0238_frame_0970.png
631,img_631_train.png,images/train/img_631_train.png,train,3840,2160,Itzehoe_Westerland,scene_04,center,987,DSC_0238_frame_0987.png
632,img_632_train.png,images/train/img_632_train.png,train,3840,2160,Itzehoe_Westerland,scene_04,center,1006,DSC_0238_frame_1006.png
633,img_633_train.png,images/train/img_633_train.png,train,3840,2160,Itzehoe_Westerland,scene_04,center,1014,DSC_0238_frame_1014.png
634,img_634_train.png,images/train/img_634_train.png,train,3840,2160,Itzehoe_Westerland,scene_04,center,1019,DSC_0238_frame_1019.png
635,img_635_train.png,images/train/img_635_train.png,train,3840,2160,Itzehoe_Westerland,scene_04,center,1024,DSC_0238_frame_1024.png
636,img_636_train.png,images/train/img_636_train.png,train,3840,2160,Itzehoe_Westerland,scene_04,center,1037,DSC_0238_frame_1037.png
637,img_637_train.png,images/train/img_637_train.png,train,3840,2160,Itzehoe_Westerland,scene_04,center,1047,DSC_0238_frame_1047.png
638,img_638_train.png,images/train/img_638_train.png,train,3840,2160,Itzehoe_Westerland,scene_04,center,1054,DSC_0238_frame_1054.png
639,img_639_train.png,images/train/img_639_train.png,train,3840,2160,Itzehoe_Westerland,scene_04,center,1067,DSC_0238_frame_1067.png
640,img_640_train.png,images/train/img_640_train.png,train,3840,2160,Itzehoe_Westerland,scene_04,center,1102,DSC_0238_frame_1102.png
641,img_641_train.png,images/train/img_641_train.png,train,3840,2160,Itzehoe_Westerland,scene_05,center,47,DSC_0240_frame_0047.png
642,img_642_train.png,images/train/img_642_train.png,train,3840,2160,Itzehoe_Westerland,scene_05,center,82,DSC_0240_frame_0082.png
643,img_643_train.png,images/train/img_643_train.png,train,3840,2160,Itzehoe_Westerland,scene_05,center,107,DSC_0240_frame_0107.png
644,img_644_train.png,images/train/img_644_train.png,train,3840,2160,Itzehoe_Westerland,scene_05,center,174,DSC_0240_frame_0174.png
645,img_645_train.png,images/train/img_645_train.png,train,3840,2160,Itzehoe_Westerland,scene_05,center,188,DSC_0240_frame_0188.png
646,img_646_train.png,images/train/img_646_train.png,train,3840,2160,Itzehoe_Westerland,scene_05,center,287,DSC_0240_frame_0287.png
647,img_647_train.png,images/train/img_647_train.png,train,3840,2160,Itzehoe_Westerland,scene_05,center,346,DSC_0240_frame_0346.png
648,img_648_train.png,images/train/img_648_train.png,train,3840,2160,Itzehoe_Westerland,scene_05,center,358,DSC_0240_frame_0358.png
649,img_649_train.png,images/train/img_649_train.png,train,3840,2160,Itzehoe_Westerland,scene_05,center,482,DSC_0240_frame_0482.png
650,img_650_train.png,images/train/img_650_train.png,train,3840,2160,Itzehoe_Westerland,scene_05,center,756,DSC_0240_frame_0756.png
651,img_651_train.png,images/train/img_651_train.png,train,3840,2160,Itzehoe_Westerland,scene_05,center,821,DSC_0240_frame_0821.png
652,img_652_train.png,images/train/img_652_train.png,train,3840,2160,Itzehoe_Westerland,scene_05,center,995,DSC_0240_frame_0995.png
653,img_653_train.png,images/train/img_653_train.png,train,3840,2160,Itzehoe_Westerland,scene_05,center,1023,DSC_0240_frame_1023.png
654,img_654_train.png,images/train/img_654_train.png,train,3840,2160,Itzehoe_Westerland,scene_05,center,1200,DSC_0240_frame_1200.png
655,img_655_train.png,images/train/img_655_train.png,train,3840,2160,Itzehoe_Westerland,scene_05,center,1206,DSC_0240_frame_1206.png
656,img_656_train.png,images/train/img_656_train.png,train,3840,2160,Itzehoe_Westerland,scene_05,center,1236,DSC_0240_frame_1236.png
657,img_657_train.png,images/train/img_657_train.png,train,3840,2160,Itzehoe_Westerland,scene_05,center,1243,DSC_0240_frame_1243.png
658,img_658_train.png,images/train/img_658_train.png,train,3840,2160,Itzehoe_Westerland,scene_05,center,1257,DSC_0240_frame_1257.png
659,img_659_train.png,images/train/img_659_train.png,train,3840,2160,Itzehoe_Westerland,scene_05,center,1325,DSC_0240_frame_1325.png
660,img_660_train.png,images/train/img_660_train.png,train,3840,2160,Itzehoe_Westerland,scene_05,center,1402,DSC_0240_frame_1402.png
661,img_661_train.png,images/train/img_661_train.png,train,3840,2160,Itzehoe_Westerland,scene_05,center,1470,DSC_0240_frame_1470.png
662,img_662_train.png,images/train/img_662_train.png,train,3840,2160,Itzehoe_Westerland,scene_05,center,1506,DSC_0240_frame_1506.png
663,img_663_train.png,images/train/img_663_train.png,train,3840,2160,Itzehoe_Westerland,scene_05,center,1531,DSC_0240_frame_1531.png
664,img_664_train.png,images/train/img_664_train.png,train,3840,2160,Itzehoe_Westerland,scene_05,center,1567,DSC_0240_frame_1567.png
665,img_665_train.png,images/train/img_665_train.png,train,3840,2160,Itzehoe_Westerland,scene_05,center,1603,DSC_0240_frame_1603.png
666,img_666_train.png,images/train/img_666_train.png,train,3840,2160,Itzehoe_Westerland,scene_06,center,57,DSC_0241_frame_0057.png
667,img_667_train.png,images/train/img_667_train.png,train,3840,2160,Itzehoe_Westerland,scene_06,center,318,DSC_0241_frame_0318.png
668,img_668_train.png,images/train/img_668_train.png,train,3840,2160,Itzehoe_Westerland,scene_06,center,321,DSC_0241_frame_0321.png
669,img_669_train.png,images/train/img_669_train.png,train,3840,2160,Itzehoe_Westerland,scene_06,center,330,DSC_0241_frame_0330.png
670,img_670_train.png,images/train/img_670_train.png,train,3840,2160,Itzehoe_Westerland,scene_06,center,344,DSC_0241_frame_0344.png
671,img_671_train.png,images/train/img_671_train.png,train,3840,2160,Itzehoe_Westerland,scene_06,center,468,DSC_0241_frame_0468.png
672,img_672_train.png,images/train/img_672_train.png,train,3840,2160,Itzehoe_Westerland,scene_06,center,503,DSC_0241_frame_0503.png
673,img_673_train.png,images/train/img_673_train.png,train,3840,2160,Itzehoe_Westerland,scene_06,center,522,DSC_0241_frame_0522.png
674,img_674_train.png,images/train/img_674_train.png,train,3840,2160,Itzehoe_Westerland,scene_06,center,536,DSC_0241_frame_0536.png
675,img_675_train.png,images/train/img_675_train.png,train,3840,2160,Magdeburg_Leipzig,scene_01,center,0,IMG_1003_frame_0000.png
676,img_676_train.png,images/train/img_676_train.png,train,3840,2160,Magdeburg_Leipzig,scene_01,center,107,IMG_1003_frame_0107.png
677,img_677_train.png,images/train/img_677_train.png,train,3840,2160,Magdeburg_Leipzig,scene_01,center,124,IMG_1003_frame_0124.png
678,img_678_train.png,images/train/img_678_train.png,train,3840,2160,Magdeburg_Leipzig,scene_01,center,139,IMG_1003_frame_0139.png
679,img_679_train.png,images/train/img_679_train.png,train,3840,2160,Magdeburg_Leipzig,scene_01,center,156,IMG_1003_frame_0156.png
680,img_680_train.png,images/train/img_680_train.png,train,3840,2160,Magdeburg_Leipzig,scene_01,center,166,IMG_1003_frame_0166.png
681,img_681_train.png,images/train/img_681_train.png,train,3840,2160,Magdeburg_Leipzig,scene_01,center,185,IMG_1003_frame_0185.png
682,img_682_train.png,images/train/img_682_train.png,train,3840,2160,Magdeburg_Leipzig,scene_01,center,210,IMG_1003_frame_0210.png
683,img_683_train.png,images/train/img_683_train.png,train,3840,2160,Magdeburg_Leipzig,scene_01,center,219,IMG_1003_frame_0219.png
684,img_684_train.png,images/train/img_684_train.png,train,3840,2160,Magdeburg_Leipzig,scene_01,center,226,IMG_1003_frame_0226.png
685,img_685_train.png,images/train/img_685_train.png,train,3840,2160,Magdeburg_Leipzig,scene_01,center,237,IMG_1003_frame_0237.png
686,img_686_train.png,images/train/img_686_train.png,train,3840,2160,Magdeburg_Leipzig,scene_01,center,258,IMG_1003_frame_0258.png
687,img_687_train.png,images/train/img_687_train.png,train,3840,2160,Magdeburg_Leipzig,scene_01,center,264,IMG_1003_frame_0264.png
688,img_688_train.png,images/train/img_688_train.png,train,3840,2160,Magdeburg_Leipzig,scene_01,center,282,IMG_1003_frame_0282.png
689,img_689_train.png,images/train/img_689_train.png,train,3840,2160,Magdeburg_Leipzig,scene_01,center,296,IMG_1003_frame_0296.png
690,img_690_train.png,images/train/img_690_train.png,train,3840,2160,Magdeburg_Leipzig,scene_01,center,313,IMG_1003_frame_0313.png
691,img_691_train.png,images/train/img_691_train.png,train,3840,2160,Magdeburg_Leipzig,scene_01,center,336,IMG_1003_frame_0336.png
692,img_692_train.png,images/train/img_692_train.png,train,3840,2160,Magdeburg_Leipzig,scene_01,center,346,IMG_1003_frame_0346.png
693,img_693_train.png,images/train/img_693_train.png,train,3840,2160,Magdeburg_Leipzig,scene_01,center,353,IMG_1003_frame_0353.png
694,img_694_train.png,images/train/img_694_train.png,train,3840,2160,Magdeburg_Leipzig,scene_01,center,362,IMG_1003_frame_0362.png
695,img_695_train.png,images/train/img_695_train.png,train,3840,2160,Magdeburg_Leipzig,scene_01,center,410,IMG_1003_frame_0410.png
696,img_696_train.png,images/train/img_696_train.png,train,3840,2160,Magdeburg_Leipzig,scene_01,center,414,IMG_1003_frame_0414.png
697,img_697_train.png,images/train/img_697_train.png,train,3840,2160,Magdeburg_Leipzig,scene_01,center,417,IMG_1003_frame_0417.png
698,img_698_train.png,images/train/img_698_train.png,train,3840,2160,Magdeburg_Leipzig,scene_01,center,425,IMG_1003_frame_0425.png
699,img_699_train.png,images/train/img_699_train.png,train,3840,2160,Magdeburg_Leipzig,scene_01,center,431,IMG_1003_frame_0431.png
700,img_700_train.png,images/train/img_700_train.png,train,3840,2160,Magdeburg_Leipzig,scene_01,center,470,IMG_1003_frame_0470.png
701,img_701_train.png,images/train/img_701_train.png,train,3840,2160,Magdeburg_Leipzig,scene_01,center,496,IMG_1003_frame_0496.png
702,img_702_train.png,images/train/img_702_train.png,train,3840,2160,Magdeburg_Leipzig,scene_01,center,501,IMG_1003_frame_0501.png
703,img_703_train.png,images/train/img_703_train.png,train,3840,2160,Magdeburg_Leipzig,scene_01,center,564,IMG_1003_frame_0564.png
704,img_704_train.png,images/train/img_704_train.png,train,3840,2160,Magdeburg_Leipzig,scene_01,center,587,IMG_1003_frame_0587.png
705,img_705_train.png,images/train/img_705_train.png,train,3840,2160,Magdeburg_Leipzig,scene_01,center,641,IMG_1003_frame_0641.png
706,img_706_train.png,images/train/img_706_train.png,train,3840,2160,Magdeburg_Leipzig,scene_01,center,648,IMG_1003_frame_0648.png
707,img_707_train.png,images/train/img_707_train.png,train,3840,2160,Magdeburg_Leipzig,scene_01,center,656,IMG_1003_frame_0656.png
708,img_708_train.png,images/train/img_708_train.png,train,3840,2160,Magdeburg_Leipzig,scene_01,center,699,IMG_1003_frame_0699.png
709,img_709_train.png,images/train/img_709_train.png,train,3840,2160,Magdeburg_Leipzig,scene_01,center,713,IMG_1003_frame_0713.png
710,img_710_train.png,images/train/img_710_train.png,train,3840,2160,Magdeburg_Leipzig,scene_01,center,732,IMG_1003_frame_0732.png
711,img_711_train.png,images/train/img_711_train.png,train,3840,2160,Magdeburg_Leipzig,scene_01,center,746,IMG_1003_frame_0746.png
712,img_712_train.png,images/train/img_712_train.png,train,3840,2160,Magdeburg_Leipzig,scene_01,center,751,IMG_1003_frame_0751.png
713,img_713_train.png,images/train/img_713_train.png,train,3840,2160,Magdeburg_Leipzig,scene_01,center,781,IMG_1003_frame_0781.png
714,img_714_train.png,images/train/img_714_train.png,train,3840,2160,Magdeburg_Leipzig,scene_01,center,943,IMG_1003_frame_0943.png
715,img_715_train.png,images/train/img_715_train.png,train,3840,2160,Magdeburg_Leipzig,scene_01,center,1060,IMG_1003_frame_1060.png
716,img_716_train.png,images/train/img_716_train.png,train,3840,2160,Magdeburg_Leipzig,scene_01,center,1076,IMG_1003_frame_1076.png
717,img_717_train.png,images/train/img_717_train.png,train,3840,2160,Magdeburg_Leipzig,scene_01,center,1084,IMG_1003_frame_1084.png
718,img_718_train.png,images/train/img_718_train.png,train,3840,2160,Magdeburg_Leipzig,scene_01,center,1115,IMG_1003_frame_1115.png
719,img_719_train.png,images/train/img_719_train.png,train,3840,2160,Magdeburg_Leipzig,scene_01,center,1231,IMG_1003_frame_1231.png
720,img_720_train.png,images/train/img_720_train.png,train,3840,2160,Magdeburg_Leipzig,scene_01,center,1268,IMG_1003_frame_1268.png
721,img_721_train.png,images/train/img_721_train.png,train,3840,2160,Magdeburg_Leipzig,scene_01,center,1492,IMG_1003_frame_1492.png
722,img_722_train.png,images/train/img_722_train.png,train,3840,2160,Magdeburg_Leipzig,scene_01,center,1540,IMG_1003_frame_1540.png
723,img_723_train.png,images/train/img_723_train.png,train,3840,2160,Magdeburg_Leipzig,scene_01,center,1553,IMG_1003_frame_1553.png
724,img_724_train.png,images/train/img_724_train.png,train,3840,2160,Magdeburg_Leipzig,scene_01,center,1577,IMG_1003_frame_1577.png
725,img_725_train.png,images/train/img_725_train.png,train,3840,2160,Magdeburg_Leipzig,scene_01,center,1621,IMG_1003_frame_1621.png
726,img_726_train.png,images/train/img_726_train.png,train,3840,2160,Magdeburg_Leipzig,scene_01,center,1630,IMG_1003_frame_1630.png
727,img_727_train.png,images/train/img_727_train.png,train,3840,2160,Magdeburg_Leipzig,scene_01,center,1788,IMG_1003_frame_1788.png
728,img_728_train.png,images/train/img_728_train.png,train,3840,2160,Magdeburg_Leipzig,scene_01,center,1984,IMG_1003_frame_1984.png
729,img_729_train.png,images/train/img_729_train.png,train,3840,2160,Magdeburg_Leipzig,scene_01,center,2144,IMG_1003_frame_2144.png
730,img_730_train.png,images/train/img_730_train.png,train,3840,2160,Magdeburg_Leipzig,scene_01,center,2180,IMG_1003_frame_2180.png
731,img_731_train.png,images/train/img_731_train.png,train,3840,2160,Magdeburg_Leipzig,scene_01,center,2194,IMG_1003_frame_2194.png
732,img_732_train.png,images/train/img_732_train.png,train,3840,2160,Magdeburg_Leipzig,scene_01,center,2196,IMG_1003_frame_2196.png
733,img_733_train.png,images/train/img_733_train.png,train,3840,2160,Magdeburg_Leipzig,scene_01,center,2200,IMG_1003_frame_2200.png
734,img_734_train.png,images/train/img_734_train.png,train,3840,2160,Magdeburg_Leipzig,scene_01,center,2211,IMG_1003_frame_2211.png
735,img_735_train.png,images/train/img_735_train.png,train,3840,2160,Magdeburg_Leipzig,scene_01,center,2257,IMG_1003_frame_2257.png
736,img_736_train.png,images/train/img_736_train.png,train,3840,2160,Magdeburg_Leipzig,scene_01,center,2296,IMG_1003_frame_2296.png
737,img_737_train.png,images/train/img_737_train.png,train,3840,2160,Magdeburg_Leipzig,scene_01,center,2314,IMG_1003_frame_2314.png
738,img_738_train.png,images/train/img_738_train.png,train,3840,2160,Magdeburg_Leipzig,scene_01,center,2335,IMG_1003_frame_2335.png
739,img_739_train.png,images/train/img_739_train.png,train,3840,2160,Magdeburg_Leipzig,scene_01,center,2371,IMG_1003_frame_2371.png
740,img_740_train.png,images/train/img_740_train.png,train,3840,2160,Magdeburg_Leipzig,scene_01,center,2378,IMG_1003_frame_2378.png
741,img_741_train.png,images/train/img_741_train.png,train,3840,2160,Magdeburg_Leipzig,scene_01,center,2401,IMG_1003_frame_2401.png
742,img_742_train.png,images/train/img_742_train.png,train,3840,2160,Magdeburg_Leipzig,scene_01,center,2407,IMG_1003_frame_2407.png
743,img_743_train.png,images/train/img_743_train.png,train,3840,2160,Magdeburg_Leipzig,scene_01,center,2455,IMG_1003_frame_2455.png
744,img_744_train.png,images/train/img_744_train.png,train,3840,2160,Magdeburg_Leipzig,scene_01,center,2457,IMG_1003_frame_2457.png
745,img_745_train.png,images/train/img_745_train.png,train,3840,2160,Magdeburg_Leipzig,scene_01,center,2477,IMG_1003_frame_2477.png
746,img_746_train.png,images/train/img_746_train.png,train,3840,2160,Magdeburg_Leipzig,scene_01,center,2486,IMG_1003_frame_2486.png
747,img_747_train.png,images/train/img_747_train.png,train,3840,2160,Magdeburg_Leipzig,scene_01,center,2529,IMG_1003_frame_2529.png
748,img_748_train.png,images/train/img_748_train.png,train,3840,2160,Magdeburg_Leipzig,scene_01,center,2538,IMG_1003_frame_2538.png
749,img_749_train.png,images/train/img_749_train.png,train,3840,2160,Magdeburg_Leipzig,scene_01,center,2591,IMG_1003_frame_2591.png
750,img_750_train.png,images/train/img_750_train.png,train,3840,2160,Magdeburg_Leipzig,scene_01,center,2605,IMG_1003_frame_2605.png
751,img_751_train.png,images/train/img_751_train.png,train,3840,2160,Magdeburg_Leipzig,scene_01,center,2637,IMG_1003_frame_2637.png
752,img_752_train.png,images/train/img_752_train.png,train,3840,2160,Magdeburg_Leipzig,scene_01,center,2679,IMG_1003_frame_2679.png
753,img_753_train.png,images/train/img_753_train.png,train,3840,2160,Magdeburg_Leipzig,scene_01,center,2691,IMG_1003_frame_2691.png
754,img_754_train.png,images/train/img_754_train.png,train,3840,2160,Magdeburg_Leipzig,scene_01,center,2746,IMG_1003_frame_2746.png
755,img_755_train.png,images/train/img_755_train.png,train,3840,2160,Magdeburg_Leipzig,scene_01,center,2756,IMG_1003_frame_2756.png
756,img_756_train.png,images/train/img_756_train.png,train,3840,2160,Magdeburg_Leipzig,scene_01,center,2762,IMG_1003_frame_2762.png
757,img_757_train.png,images/train/img_757_train.png,train,3840,2160,Magdeburg_Leipzig,scene_01,center,3106,IMG_1003_frame_3106.png
758,img_758_train.png,images/train/img_758_train.png,train,3840,2160,Magdeburg_Leipzig,scene_01,center,3146,IMG_1003_frame_3146.png
759,img_759_train.png,images/train/img_759_train.png,train,3840,2160,Magdeburg_Leipzig,scene_01,center,3179,IMG_1003_frame_3179.png
760,img_760_train.png,images/train/img_760_train.png,train,3840,2160,Magdeburg_Leipzig,scene_01,center,3197,IMG_1003_frame_3197.png
761,img_761_train.png,images/train/img_761_train.png,train,3840,2160,Magdeburg_Leipzig,scene_01,center,3227,IMG_1003_frame_3227.png
762,img_762_train.png,images/train/img_762_train.png,train,3840,2160,Magdeburg_Leipzig,scene_01,center,3263,IMG_1003_frame_3263.png
763,img_763_train.png,images/train/img_763_train.png,train,3840,2160,Magdeburg_Leipzig,scene_01,center,3280,IMG_1003_frame_3280.png
764,img_764_train.png,images/train/img_764_train.png,train,3840,2160,Magdeburg_Leipzig,scene_01,center,3309,IMG_1003_frame_3309.png
765,img_765_train.png,images/train/img_765_train.png,train,3840,2160,Magdeburg_Leipzig,scene_01,center,3312,IMG_1003_frame_3312.png
766,img_766_train.png,images/train/img_766_train.png,train,3840,2160,Magdeburg_Leipzig,scene_01,center,3374,IMG_1003_frame_3374.png
767,img_767_train.png,images/train/img_767_train.png,train,3840,2160,Magdeburg_Leipzig,scene_01,center,3441,IMG_1003_frame_3441.png
768,img_768_train.png,images/train/img_768_train.png,train,3840,2160,Magdeburg_Leipzig,scene_01,center,3445,IMG_1003_frame_3445.png
769,img_769_train.png,images/train/img_769_train.png,train,3840,2160,Magdeburg_Leipzig,scene_01,center,3502,IMG_1003_frame_3502.png
770,img_770_train.png,images/train/img_770_train.png,train,3840,2160,Magdeburg_Leipzig,scene_01,center,3571,IMG_1003_frame_3571.png
771,img_771_train.png,images/train/img_771_train.png,train,3840,2160,Magdeburg_Leipzig,scene_01,center,3604,IMG_1003_frame_3604.png
772,img_772_train.png,images/train/img_772_train.png,train,3840,2160,Magdeburg_Leipzig,scene_01,center,3623,IMG_1003_frame_3623.png
773,img_773_train.png,images/train/img_773_train.png,train,3840,2160,Magdeburg_Leipzig,scene_01,center,3652,IMG_1003_frame_3652.png
774,img_774_train.png,images/train/img_774_train.png,train,3840,2160,Magdeburg_Leipzig,scene_01,center,3687,IMG_1003_frame_3687.png
775,img_775_train.png,images/train/img_775_train.png,train,3840,2160,Magdeburg_Leipzig,scene_01,center,3900,IMG_1003_frame_3900.png
776,img_776_train.png,images/train/img_776_train.png,train,3840,2160,Magdeburg_Leipzig,scene_01,center,4088,IMG_1003_frame_4088.png
777,img_777_train.png,images/train/img_777_train.png,train,3840,2160,Magdeburg_Leipzig,scene_01,center,4114,IMG_1003_frame_4114.png
778,img_778_train.png,images/train/img_778_train.png,train,3840,2160,Magdeburg_Leipzig,scene_01,center,4137,IMG_1003_frame_4137.png
779,img_779_train.png,images/train/img_779_train.png,train,3840,2160,Magdeburg_Leipzig,scene_01,center,4198,IMG_1003_frame_4198.png
780,img_780_train.png,images/train/img_780_train.png,train,3840,2160,Magdeburg_Leipzig,scene_01,center,4214,IMG_1003_frame_4214.png
781,img_781_train.png,images/train/img_781_train.png,train,4112,2504,OSDaR23,10_station_suelldorf_10.1,rgb_highres_center,216,216_1631703820.700000022.png
782,img_782_train.png,images/train/img_782_train.png,train,4112,2504,OSDaR23,10_station_suelldorf_10.1,rgb_highres_left,216,216_1631703820.700000005.png
783,img_783_train.png,images/train/img_783_train.png,train,4112,2504,OSDaR23,10_station_suelldorf_10.1,rgb_highres_right,216,216_1631703820.700000002.png
784,img_784_train.png,images/train/img_784_train.png,train,4112,2504,OSDaR23,10_station_suelldorf_10.1,rgb_highres_center,225,225_1631703821.600000027.png
785,img_785_train.png,images/train/img_785_train.png,train,4112,2504,OSDaR23,10_station_suelldorf_10.1,rgb_highres_left,225,225_1631703821.600000011.png
786,img_786_train.png,images/train/img_786_train.png,train,4112,2504,OSDaR23,10_station_suelldorf_10.1,rgb_highres_right,225,225_1631703821.600000004.png
787,img_787_train.png,images/train/img_787_train.png,train,4112,2504,OSDaR23,11_main_station_11.1,rgb_highres_center,285,285_1631531580.600000006.png
788,img_788_train.png,images/train/img_788_train.png,train,4112,2504,OSDaR23,11_main_station_11.1,rgb_highres_left,285,285_1631531580.600000006.png
789,img_789_train.png,images/train/img_789_train.png,train,4112,2504,OSDaR23,11_main_station_11.1,rgb_highres_right,285,285_1631531580.600000001.png
790,img_790_train.png,images/train/img_790_train.png,train,4112,2504,OSDaR23,12_vegetation_steady_12.1,rgb_highres_center,97,097_1631177229.800000013.png
791,img_791_train.png,images/train/img_791_train.png,train,4112,2504,OSDaR23,13_station_ohlsdorf_13.1,rgb_highres_center,74,074_1631176103.500000016.png
792,img_792_train.png,images/train/img_792_train.png,train,4112,2504,OSDaR23,13_station_ohlsdorf_13.1,rgb_highres_left,74,074_1631176103.500000015.png
793,img_793_train.png,images/train/img_793_train.png,train,4112,2504,OSDaR23,13_station_ohlsdorf_13.1,rgb_highres_right,74,074_1631176103.500000006.png
794,img_794_train.png,images/train/img_794_train.png,train,4112,2504,OSDaR23,14_signals_station_14.1,rgb_highres_center,100,100_1631449461.100000027.png
795,img_795_train.png,images/train/img_795_train.png,train,4112,2504,OSDaR23,14_signals_station_14.1,rgb_highres_left,100,100_1631449461.100000018.png
796,img_796_train.png,images/train/img_796_train.png,train,4112,2504,OSDaR23,14_signals_station_14.1,rgb_highres_right,100,100_1631449461.100000012.png
797,img_797_train.png,images/train/img_797_train.png,train,4112,2504,OSDaR23,14_signals_station_14.2,rgb_highres_center,26,026_1631450164.700000025.png
798,img_798_train.png,images/train/img_798_train.png,train,4112,2504,OSDaR23,14_signals_station_14.2,rgb_highres_left,26,026_1631450164.700000015.png
799,img_799_train.png,images/train/img_799_train.png,train,4112,2504,OSDaR23,14_signals_station_14.2,rgb_highres_right,26,026_1631450164.700000017.png
800,img_800_train.png,images/train/img_800_train.png,train,4112,2504,OSDaR23,14_signals_station_14.3,rgb_highres_center,26,026_1631450782.700000019.png
801,img_801_train.png,images/train/img_801_train.png,train,4112,2504,OSDaR23,14_signals_station_14.3,rgb_highres_left,26,026_1631450782.699999977.png
802,img_802_train.png,images/train/img_802_train.png,train,4112,2504,OSDaR23,14_signals_station_14.3,rgb_highres_right,26,026_1631450782.700000022.png
803,img_803_train.png,images/train/img_803_train.png,train,4112,2504,OSDaR23,15_construction_vehicle_15.1,rgb_highres_center,75,075_1631531288.600000017.png
804,img_804_train.png,images/train/img_804_train.png,train,4112,2504,OSDaR23,15_construction_vehicle_15.1,rgb_highres_left,75,075_1631531288.600000028.png
805,img_805_train.png,images/train/img_805_train.png,train,4112,2504,OSDaR23,16_under_bridge_16.1,rgb_highres_center,449,449_1631525771.000000025.png
806,img_806_train.png,images/train/img_806_train.png,train,4112,2504,OSDaR23,16_under_bridge_16.1,rgb_highres_left,449,449_1631525771.000000015.png
807,img_807_train.png,images/train/img_807_train.png,train,4112,2504,OSDaR23,16_under_bridge_16.1,rgb_highres_right,449,449_1631525771.000000027.png
808,img_808_train.png,images/train/img_808_train.png,train,4112,2504,OSDaR23,17_signal_bridge_17.1,rgb_highres_center,74,074_1631529305.500000030.png
809,img_809_train.png,images/train/img_809_train.png,train,4112,2504,OSDaR23,18_vegetation_switch_18.1,rgb_highres_center,85,085_1631625169.600000023.png
810,img_810_train.png,images/train/img_810_train.png,train,4112,2504,OSDaR23,18_vegetation_switch_18.1,rgb_highres_left,85,085_1631625169.600000017.png
811,img_811_train.png,images/train/img_811_train.png,train,4112,2504,OSDaR23,18_vegetation_switch_18.1,rgb_highres_right,85,085_1631625169.600000018.png
812,img_812_train.png,images/train/img_812_train.png,train,4112,2504,OSDaR23,1_calibration_1.1,rgb_highres_center,21,021_1631441454.200000005.png
813,img_813_train.png,images/train/img_813_train.png,train,4112,2504,OSDaR23,1_calibration_1.1,rgb_highres_left,21,021_1631441454.200000029.png
814,img_814_train.png,images/train/img_814_train.png,train,4112,2504,OSDaR23,1_calibration_1.1,rgb_highres_right,21,021_1631441454.200000011.png
815,img_815_train.png,images/train/img_815_train.png,train,4112,2504,OSDaR23,1_calibration_1.2,rgb_highres_center,99,099_1631441724.000000013.png
816,img_816_train.png,images/train/img_816_train.png,train,4112,2504,OSDaR23,1_calibration_1.2,rgb_highres_left,99,099_1631441724.000000019.png
817,img_817_train.png,images/train/img_817_train.png,train,4112,2504,OSDaR23,1_calibration_1.2,rgb_highres_right,99,099_1631441724.000000005.png
818,img_818_train.png,images/train/img_818_train.png,train,4112,2504,OSDaR23,20_vegetation_squirrel_20.1,rgb_highres_center,9,009_1631716529.000000025.png
819,img_819_train.png,images/train/img_819_train.png,train,4112,2504,OSDaR23,20_vegetation_squirrel_20.1,rgb_highres_left,9,009_1631716529.000000019.png
820,img_820_train.png,images/train/img_820_train.png,train,4112,2504,OSDaR23,20_vegetation_squirrel_20.1,rgb_highres_right,9,009_1631716529.000000009.png
821,img_821_train.png,images/train/img_821_train.png,train,4112,2504,OSDaR23,21_station_wedel_21.1,rgb_highres_center,469,469_1631703175.200000018.png
822,img_822_train.png,images/train/img_822_train.png,train,4112,2504,OSDaR23,21_station_wedel_21.1,rgb_highres_left,469,469_1631703175.200000017.png
823,img_823_train.png,images/train/img_823_train.png,train,4112,2504,OSDaR23,2_station_berliner_tor_2.1,rgb_highres_center,259,259_1631531386.000000010.png
824,img_824_train.png,images/train/img_824_train.png,train,4112,2504,OSDaR23,2_station_berliner_tor_2.1,rgb_highres_left,259,259_1631531386.000000019.png
825,img_825_train.png,images/train/img_825_train.png,train,4112,2504,OSDaR23,2_station_berliner_tor_2.1,rgb_highres_right,259,259_1631531386.000000014.png
826,img_826_train.png,images/train/img_826_train.png,train,4112,2504,OSDaR23,3_fire_site_3.1,rgb_highres_center,0,000_1631639431.100000001.png
827,img_827_train.png,images/train/img_827_train.png,train,4112,2504,OSDaR23,3_fire_site_3.1,rgb_highres_left,0,000_1631639431.100000028.png
828,img_828_train.png,images/train/img_828_train.png,train,4112,2504,OSDaR23,3_fire_site_3.1,rgb_highres_center,99,099_1631639441.000000006.png
829,img_829_train.png,images/train/img_829_train.png,train,4112,2504,OSDaR23,3_fire_site_3.1,rgb_highres_left,99,099_1631639441.000000031.png
830,img_830_train.png,images/train/img_830_train.png,train,4112,2504,OSDaR23,3_fire_site_3.2,rgb_highres_center,352,352_1631639466.300000012.png
831,img_831_train.png,images/train/img_831_train.png,train,4112,2504,OSDaR23,3_fire_site_3.2,rgb_highres_left,352,352_1631639466.300000012.png
832,img_832_train.png,images/train/img_832_train.png,train,4112,2504,OSDaR23,3_fire_site_3.3,rgb_highres_right,56,056_1631639533.600000017.png
833,img_833_train.png,images/train/img_833_train.png,train,4112,2504,OSDaR23,3_fire_site_3.3,rgb_highres_center,65,065_1631639534.500000004.png
834,img_834_train.png,images/train/img_834_train.png,train,4112,2504,OSDaR23,3_fire_site_3.3,rgb_highres_left,65,065_1631639534.500000015.png
835,img_835_train.png,images/train/img_835_train.png,train,4112,2504,OSDaR23,3_fire_site_3.3,rgb_highres_right,65,065_1631639534.500000010.png
836,img_836_train.png,images/train/img_836_train.png,train,4112,2504,OSDaR23,3_fire_site_3.4,rgb_highres_center,100,100_1631640362.100000031.png
837,img_837_train.png,images/train/img_837_train.png,train,4112,2504,OSDaR23,3_fire_site_3.4,rgb_highres_left,100,100_1631640362.100000003.png
838,img_838_train.png,images/train/img_838_train.png,train,4112,2504,OSDaR23,3_fire_site_3.4,rgb_highres_right,100,100_1631640362.100000017.png
839,img_839_train.png,images/train/img_839_train.png,train,4112,2504,OSDaR23,4_station_pedestrian_bridge_4.1,rgb_highres_center,95,095_1631702192.600000024.png
840,img_840_train.png,images/train/img_840_train.png,train,4112,2504,OSDaR23,4_station_pedestrian_bridge_4.1,rgb_highres_right,95,095_1631702192.600000016.png
841,img_841_train.png,images/train/img_841_train.png,train,4112,2504,OSDaR23,4_station_pedestrian_bridge_4.2,rgb_highres_center,35,035_1631702293.600000015.png
842,img_842_train.png,images/train/img_842_train.png,train,4112,2504,OSDaR23,4_station_pedestrian_bridge_4.2,rgb_highres_right,35,035_1631702293.600000019.png
843,img_843_train.png,images/train/img_843_train.png,train,4112,2504,OSDaR23,4_station_pedestrian_bridge_4.3,rgb_highres_center,0,000_1631704334.100000030.png
844,img_844_train.png,images/train/img_844_train.png,train,4112,2504,OSDaR23,4_station_pedestrian_bridge_4.3,rgb_highres_right,0,000_1631704334.100000027.png
845,img_845_train.png,images/train/img_845_train.png,train,4112,2504,OSDaR23,4_station_pedestrian_bridge_4.3,rgb_highres_center,99,099_1631704344.000000014.png
846,img_846_train.png,images/train/img_846_train.png,train,4112,2504,OSDaR23,4_station_pedestrian_bridge_4.3,rgb_highres_right,99,099_1631704344.000000011.png
847,img_847_train.png,images/train/img_847_train.png,train,4112,2504,OSDaR23,4_station_pedestrian_bridge_4.4,rgb_highres_center,149,149_1631704349.000000024.png
848,img_848_train.png,images/train/img_848_train.png,train,4112,2504,OSDaR23,4_station_pedestrian_bridge_4.4,rgb_highres_right,149,149_1631704349.000000017.png
849,img_849_train.png,images/train/img_849_train.png,train,4112,2504,OSDaR23,4_station_pedestrian_bridge_4.4,rgb_highres_center,199,199_1631704354.000000016.png
850,img_850_train.png,images/train/img_850_train.png,train,4112,2504,OSDaR23,4_station_pedestrian_bridge_4.4,rgb_highres_right,199,199_1631704354.000000003.png
851,img_851_train.png,images/train/img_851_train.png,train,4112,2504,OSDaR23,4_station_pedestrian_bridge_4.5,rgb_highres_center,249,249_1631704359.000000023.png
852,img_852_train.png,images/train/img_852_train.png,train,4112,2504,OSDaR23,4_station_pedestrian_bridge_4.5,rgb_highres_right,249,249_1631704359.000000002.png
853,img_853_train.png,images/train/img_853_train.png,train,4112,2504,OSDaR23,4_station_pedestrian_bridge_4.5,rgb_highres_center,275,275_1631704361.600000001.png
854,img_854_train.png,images/train/img_854_train.png,train,4112,2504,OSDaR23,5_station_bergedorf_5.1,rgb_highres_center,0,000_1631529893.100000031.png
855,img_855_train.png,images/train/img_855_train.png,train,4112,2504,OSDaR23,5_station_bergedorf_5.1,rgb_highres_left,0,000_1631529893.100000013.png
856,img_856_train.png,images/train/img_856_train.png,train,4112,2504,OSDaR23,5_station_bergedorf_5.1,rgb_highres_right,0,000_1631529893.100000007.png
857,img_857_train.png,images/train/img_857_train.png,train,4112,2504,OSDaR23,5_station_bergedorf_5.1,rgb_highres_center,50,050_1631529898.100000020.png
858,img_858_train.png,images/train/img_858_train.png,train,4112,2504,OSDaR23,5_station_bergedorf_5.1,rgb_highres_left,50,050_1631529898.100000030.png
859,img_859_train.png,images/train/img_859_train.png,train,4112,2504,OSDaR23,5_station_bergedorf_5.1,rgb_highres_center,99,099_1631529903.000000025.png
860,img_860_train.png,images/train/img_860_train.png,train,4112,2504,OSDaR23,5_station_bergedorf_5.1,rgb_highres_left,99,099_1631529903.000000005.png
861,img_861_train.png,images/train/img_861_train.png,train,4112,2504,OSDaR23,5_station_bergedorf_5.1,rgb_highres_right,99,099_1631529903.000000018.png
862,img_862_train.png,images/train/img_862_train.png,train,4112,2504,OSDaR23,5_station_bergedorf_5.2,rgb_highres_center,678,678_1631529960.900000031.png
863,img_863_train.png,images/train/img_863_train.png,train,4112,2504,OSDaR23,5_station_bergedorf_5.2,rgb_highres_left,678,678_1631529960.900000009.png
864,img_864_train.png,images/train/img_864_train.png,train,4112,2504,OSDaR23,6_station_klein_flottbek_6.1,rgb_highres_center,26,026_1631704638.700000002.png
865,img_865_train.png,images/train/img_865_train.png,train,4112,2504,OSDaR23,6_station_klein_flottbek_6.1,rgb_highres_left,26,026_1631704638.700000010.png
866,img_866_train.png,images/train/img_866_train.png,train,4112,2504,OSDaR23,6_station_klein_flottbek_6.1,rgb_highres_right,26,026_1631704638.700000012.png
867,img_867_train.png,images/train/img_867_train.png,train,4112,2504,OSDaR23,6_station_klein_flottbek_6.2,rgb_highres_center,61,061_1631704655.200000011.png
868,img_868_train.png,images/train/img_868_train.png,train,4112,2504,OSDaR23,6_station_klein_flottbek_6.2,rgb_highres_left,61,061_1631704655.200000001.png
869,img_869_train.png,images/train/img_869_train.png,train,4112,2504,OSDaR23,6_station_klein_flottbek_6.2,rgb_highres_center,110,110_1631704660.100000021.png
870,img_870_train.png,images/train/img_870_train.png,train,4112,2504,OSDaR23,6_station_klein_flottbek_6.2,rgb_highres_left,110,110_1631704660.100000019.png
871,img_871_train.png,images/train/img_871_train.png,train,4112,2504,OSDaR23,6_station_klein_flottbek_6.2,rgb_highres_center,160,160_1631704665.100000001.png
872,img_872_train.png,images/train/img_872_train.png,train,4112,2504,OSDaR23,7_approach_underground_station_7.1,rgb_highres_center,157,157_1631705118.800000006.png
873,img_873_train.png,images/train/img_873_train.png,train,4112,2504,OSDaR23,7_approach_underground_station_7.1,rgb_highres_left,157,157_1631705118.800000025.png
874,img_874_train.png,images/train/img_874_train.png,train,4112,2504,OSDaR23,7_approach_underground_station_7.1,rgb_highres_right,157,157_1631705118.800000026.png
875,img_875_train.png,images/train/img_875_train.png,train,4112,2504,OSDaR23,7_approach_underground_station_7.2,rgb_highres_center,682,682_1631705208.300000010.png
876,img_876_train.png,images/train/img_876_train.png,train,4112,2504,OSDaR23,7_approach_underground_station_7.2,rgb_highres_left,682,682_1631705208.300000021.png
877,img_877_train.png,images/train/img_877_train.png,train,4112,2504,OSDaR23,7_approach_underground_station_7.2,rgb_highres_right,682,682_1631705208.300000005.png
878,img_878_train.png,images/train/img_878_train.png,train,4112,2504,OSDaR23,7_approach_underground_station_7.3,rgb_highres_center,77,077_1631705238.800000030.png
879,img_879_train.png,images/train/img_879_train.png,train,4112,2504,OSDaR23,7_approach_underground_station_7.3,rgb_highres_right,77,077_1631705238.800000015.png
880,img_880_train.png,images/train/img_880_train.png,train,4112,2504,OSDaR23,8_station_altona_8.1,rgb_highres_center,10,010_1631700810.100000015.png
881,img_881_train.png,images/train/img_881_train.png,train,4112,2504,OSDaR23,8_station_altona_8.1,rgb_highres_left,10,010_1631700810.100000004.png
882,img_882_train.png,images/train/img_882_train.png,train,4112,2504,OSDaR23,8_station_altona_8.1,rgb_highres_right,10,010_1631700810.100000024.png
883,img_883_train.png,images/train/img_883_train.png,train,4112,2504,OSDaR23,8_station_altona_8.1,rgb_highres_center,109,109_1631700820.000000001.png
884,img_884_train.png,images/train/img_884_train.png,train,4112,2504,OSDaR23,8_station_altona_8.1,rgb_highres_right,109,109_1631700820.000000031.png
885,img_885_train.png,images/train/img_885_train.png,train,4112,2504,OSDaR23,8_station_altona_8.2,rgb_highres_center,209,209_1631700830.000000024.png
886,img_886_train.png,images/train/img_886_train.png,train,4112,2504,OSDaR23,8_station_altona_8.2,rgb_highres_left,209,209_1631700830.000000005.png
887,img_887_train.png,images/train/img_887_train.png,train,4112,2504,OSDaR23,8_station_altona_8.2,rgb_highres_right,209,209_1631700830.000000015.png
888,img_888_train.png,images/train/img_888_train.png,train,4112,2504,OSDaR23,8_station_altona_8.3,rgb_highres_center,705,705_1631700879.600000009.png
889,img_889_train.png,images/train/img_889_train.png,train,4112,2504,OSDaR23,8_station_altona_8.3,rgb_highres_right,705,705_1631700879.600000018.png
890,img_890_train.png,images/train/img_890_train.png,train,4112,2504,OSDaR23,9_station_ruebenkamp_9.1,rgb_highres_center,87,087_1631711160.800000014.png
891,img_891_train.png,images/train/img_891_train.png,train,4112,2504,OSDaR23,9_station_ruebenkamp_9.1,rgb_highres_left,87,087_1631711160.800000029.png
892,img_892_train.png,images/train/img_892_train.png,train,4112,2504,OSDaR23,9_station_ruebenkamp_9.1,rgb_highres_right,87,087_1631711160.800000010.png
893,img_893_train.png,images/train/img_893_train.png,train,4112,2504,OSDaR23,9_station_ruebenkamp_9.2,rgb_highres_center,214,214_1631712603.500000005.png
894,img_894_train.png,images/train/img_894_train.png,train,4112,2504,OSDaR23,9_station_ruebenkamp_9.2,rgb_highres_left,214,214_1631712603.500000027.png
895,img_895_train.png,images/train/img_895_train.png,train,4112,2504,OSDaR23,9_station_ruebenkamp_9.3,rgb_highres_center,228,228_1631712690.400000028.png
896,img_896_train.png,images/train/img_896_train.png,train,4112,2504,OSDaR23,9_station_ruebenkamp_9.3,rgb_highres_left,228,228_1631712690.400000001.png
897,img_897_train.png,images/train/img_897_train.png,train,4112,2504,OSDaR23,9_station_ruebenkamp_9.3,rgb_highres_right,228,228_1631712690.400000031.png
898,img_898_train.png,images/train/img_898_train.png,train,4112,2504,OSDaR23,9_station_ruebenkamp_9.4,rgb_highres_center,140,140_1631712691.600000014.png
899,img_899_train.png,images/train/img_899_train.png,train,4112,2504,OSDaR23,9_station_ruebenkamp_9.4,rgb_highres_left,140,140_1631712691.600000010.png
900,img_900_train.png,images/train/img_900_train.png,train,4112,2504,OSDaR23,9_station_ruebenkamp_9.4,rgb_highres_right,140,140_1631712691.600000003.png
901,img_901_train.png,images/train/img_901_train.png,train,4112,2504,OSDaR23,9_station_ruebenkamp_9.5,rgb_highres_center,60,060_1631712726.600000017.png
902,img_902_train.png,images/train/img_902_train.png,train,4112,2504,OSDaR23,9_station_ruebenkamp_9.5,rgb_highres_left,60,060_1631712726.600000014.png
903,img_903_train.png,images/train/img_903_train.png,train,4112,2504,OSDaR23,9_station_ruebenkamp_9.6,rgb_highres_center,106,106_1631712794.700000004.png
904,img_904_train.png,images/train/img_904_train.png,train,4112,2504,OSDaR23,9_station_ruebenkamp_9.6,rgb_highres_left,106,106_1631712794.700000025.png
905,img_905_train.png,images/train/img_905_train.png,train,4112,2504,OSDaR23,9_station_ruebenkamp_9.6,rgb_highres_right,106,106_1631712794.700000005.png
906,img_906_train.png,images/train/img_906_train.png,train,4112,2504,OSDaR23,9_station_ruebenkamp_9.7,rgb_highres_center,75,075_1631719553.600000010.png
907,img_907_train.png,images/train/img_907_train.png,train,4112,2504,OSDaR23,9_station_ruebenkamp_9.7,rgb_highres_right,75,075_1631719553.600000005.png
908,img_908_train.png,images/train/img_908_train.png,train,4112,2504,OSDaR26_GAF,36_GAF_B_day_out_mov,rgb_12mp_left,0,000_1637924686.000000000.png
909,img_909_train.png,images/train/img_909_train.png,train,4112,2504,OSDaR26_GAF,36_GAF_B_day_out_mov,rgb_12mp_middle,0,000_1637924686.000000000.png
910,img_910_train.png,images/train/img_910_train.png,train,4112,2504,OSDaR26_GAF,36_GAF_B_day_out_mov,rgb_12mp_right,0,000_1637924686.000000000.png
911,img_911_train.png,images/train/img_911_train.png,train,4112,2504,OSDaR26_GAF,36_GAF_B_day_out_mov,rgb_12mp_left,64,064_1637924692.400000095.png
912,img_912_train.png,images/train/img_912_train.png,train,4112,2504,OSDaR26_GAF,36_GAF_B_day_out_mov,rgb_12mp_right,64,064_1637924692.400000095.png
913,img_913_train.png,images/train/img_913_train.png,train,4112,2504,OSDaR26_GAF,36_GAF_B_day_out_mov,rgb_12mp_left,128,128_1637924698.799999952.png
914,img_914_train.png,images/train/img_914_train.png,train,4112,2504,OSDaR26_GAF,36_GAF_B_day_out_mov,rgb_12mp_middle,128,128_1637924698.799999952.png
915,img_915_train.png,images/train/img_915_train.png,train,4112,2504,OSDaR26_GAF,36_GAF_B_day_out_mov,rgb_12mp_right,128,128_1637924698.799999952.png
916,img_916_train.png,images/train/img_916_train.png,train,4112,2504,OSDaR26_GAF,23_GAF_B_day_out_mov,rgb_12mp_middle,0,000_1637929833.000000000.png
917,img_917_train.png,images/train/img_917_train.png,train,4112,2504,OSDaR26_GAF,23_GAF_B_day_out_mov,rgb_12mp_left,11,011_1637929834.099999905.png
918,img_918_train.png,images/train/img_918_train.png,train,4112,2504,OSDaR26_GAF,23_GAF_B_day_out_mov,rgb_12mp_left,33,033_1637929836.299999952.png
919,img_919_train.png,images/train/img_919_train.png,train,4112,2504,OSDaR26_GAF,23_GAF_B_day_out_mov,rgb_12mp_right,33,033_1637929836.299999952.png
920,img_920_train.png,images/train/img_920_train.png,train,4112,2504,OSDaR26_GAF,23_GAF_B_day_out_mov,rgb_12mp_middle,44,044_1637929837.400000095.png
921,img_921_train.png,images/train/img_921_train.png,train,4112,2504,OSDaR26_GAF,23_GAF_B_day_out_mov,rgb_12mp_left,55,055_1637929838.500000000.png
922,img_922_train.png,images/train/img_922_train.png,train,4112,2504,OSDaR26_GAF,23_GAF_B_day_out_mov,rgb_12mp_right,55,055_1637929838.500000000.png
923,img_923_train.png,images/train/img_923_train.png,train,4112,2504,OSDaR26_GAF,23_GAF_B_day_out_mov,rgb_12mp_right,66,066_1637929839.599999905.png
924,img_924_train.png,images/train/img_924_train.png,train,4112,2504,OSDaR26_GAF,23_GAF_B_day_out_mov,rgb_12mp_left,77,077_1637929840.700000048.png
925,img_925_train.png,images/train/img_925_train.png,train,4112,2504,OSDaR26_GAF,23_GAF_B_day_out_mov,rgb_12mp_middle,87,087_1637929841.700000048.png
926,img_926_train.png,images/train/img_926_train.png,train,4112,2504,OSDaR26_GAF,23_GAF_B_day_out_mov,rgb_12mp_right,87,087_1637929841.700000048.png
927,img_927_train.png,images/train/img_927_train.png,train,4112,2504,OSDaR26_GAF,23_GAF_B_day_out_mov,rgb_12mp_left,98,098_1637929842.799999952.png
928,img_928_train.png,images/train/img_928_train.png,train,4112,2504,OSDaR26_GAF,23_GAF_B_day_out_mov,rgb_12mp_right,109,109_1637929843.900000095.png
929,img_929_train.png,images/train/img_929_train.png,train,4112,2504,OSDaR26_GAF,23_GAF_B_day_out_mov,rgb_12mp_left,120,120_1637929845.000000000.png
930,img_930_train.png,images/train/img_930_train.png,train,4112,2504,OSDaR26_GAF,23_GAF_B_day_out_mov,rgb_12mp_middle,128,128_1637929845.799999952.png
931,img_931_train.png,images/train/img_931_train.png,train,4112,2504,OSDaR26_GAF,27_GAF_B_day_out_mov,rgb_12mp_left,0,000_1637930054.000000000.png
932,img_932_train.png,images/train/img_932_train.png,train,4112,2504,OSDaR26_GAF,27_GAF_B_day_out_mov,rgb_12mp_middle,0,000_1637930054.000000000.png
933,img_933_train.png,images/train/img_933_train.png,train,4112,2504,OSDaR26_GAF,27_GAF_B_day_out_mov,rgb_12mp_left,11,011_1637930055.099999905.png
934,img_934_train.png,images/train/img_934_train.png,train,4112,2504,OSDaR26_GAF,27_GAF_B_day_out_mov,rgb_12mp_right,11,011_1637930055.099999905.png
935,img_935_train.png,images/train/img_935_train.png,train,4112,2504,OSDaR26_GAF,27_GAF_B_day_out_mov,rgb_12mp_middle,22,022_1637930056.200000048.png
936,img_936_train.png,images/train/img_936_train.png,train,4112,2504,OSDaR26_GAF,27_GAF_B_day_out_mov,rgb_12mp_left,33,033_1637930057.299999952.png
937,img_937_train.png,images/train/img_937_train.png,train,4112,2504,OSDaR26_GAF,27_GAF_B_day_out_mov,rgb_12mp_left,44,044_1637930058.400000095.png
938,img_938_train.png,images/train/img_938_train.png,train,4112,2504,OSDaR26_GAF,27_GAF_B_day_out_mov,rgb_12mp_middle,44,044_1637930058.400000095.png
939,img_939_train.png,images/train/img_939_train.png,train,4112,2504,OSDaR26_GAF,27_GAF_B_day_out_mov,rgb_12mp_right,44,044_1637930058.400000095.png
940,img_940_train.png,images/train/img_940_train.png,train,4112,2504,OSDaR26_GAF,27_GAF_B_day_out_mov,rgb_12mp_left,55,055_1637930059.500000000.png
941,img_941_train.png,images/train/img_941_train.png,train,4112,2504,OSDaR26_GAF,27_GAF_B_day_out_mov,rgb_12mp_left,66,066_1637930060.599999905.png
942,img_942_train.png,images/train/img_942_train.png,train,4112,2504,OSDaR26_GAF,27_GAF_B_day_out_mov,rgb_12mp_middle,66,066_1637930060.599999905.png
943,img_943_train.png,images/train/img_943_train.png,train,4112,2504,OSDaR26_GAF,27_GAF_B_day_out_mov,rgb_12mp_right,66,066_1637930060.599999905.png
944,img_944_train.png,images/train/img_944_train.png,train,4112,2504,OSDaR26_GAF,27_GAF_B_day_out_mov,rgb_12mp_left,77,077_1637930061.700000048.png
945,img_945_train.png,images/train/img_945_train.png,train,4112,2504,OSDaR26_GAF,27_GAF_B_day_out_mov,rgb_12mp_left,87,087_1637930062.700000048.png
946,img_946_train.png,images/train/img_946_train.png,train,4112,2504,OSDaR26_GAF,27_GAF_B_day_out_mov,rgb_12mp_middle,87,087_1637930062.700000048.png
947,img_947_train.png,images/train/img_947_train.png,train,4112,2504,OSDaR26_GAF,27_GAF_B_day_out_mov,rgb_12mp_right,87,087_1637930062.700000048.png
948,img_948_train.png,images/train/img_948_train.png,train,4112,2504,OSDaR26_GAF,27_GAF_B_day_out_mov,rgb_12mp_left,107,107_1637930064.700000048.png
949,img_949_train.png,images/train/img_949_train.png,train,4112,2504,OSDaR26_GAF,27_GAF_B_day_out_mov,rgb_12mp_middle,107,107_1637930064.700000048.png
950,img_950_train.png,images/train/img_950_train.png,train,4112,2504,OSDaR26_GAF,32_GAF_B_day_out_mov,rgb_12mp_middle,0,000_1637930649.000000000.png
951,img_951_train.png,images/train/img_951_train.png,train,4112,2504,OSDaR26_GAF,32_GAF_B_day_out_mov,rgb_12mp_left,12,012_1637930650.200000048.png
952,img_952_train.png,images/train/img_952_train.png,train,4112,2504,OSDaR26_GAF,32_GAF_B_day_out_mov,rgb_12mp_left,25,025_1637930651.500000000.png
953,img_953_train.png,images/train/img_953_train.png,train,4112,2504,OSDaR26_GAF,32_GAF_B_day_out_mov,rgb_12mp_middle,25,025_1637930651.500000000.png
954,img_954_train.png,images/train/img_954_train.png,train,4112,2504,OSDaR26_GAF,32_GAF_B_day_out_mov,rgb_12mp_right,25,025_1637930651.500000000.png
955,img_955_train.png,images/train/img_955_train.png,train,4112,2504,OSDaR26_GAF,32_GAF_B_day_out_mov,rgb_12mp_left,49,049_1637930653.900000095.png
956,img_956_train.png,images/train/img_956_train.png,train,4112,2504,OSDaR26_GAF,32_GAF_B_day_out_mov,rgb_12mp_middle,49,049_1637930653.900000095.png
957,img_957_train.png,images/train/img_957_train.png,train,4112,2504,OSDaR26_GAF,32_GAF_B_day_out_mov,rgb_12mp_right,49,049_1637930653.900000095.png
958,img_958_train.png,images/train/img_958_train.png,train,4112,2504,OSDaR26_GAF,32_GAF_B_day_out_mov,rgb_12mp_right,62,062_1637930655.200000048.png
959,img_959_train.png,images/train/img_959_train.png,train,4112,2504,OSDaR26_GAF,32_GAF_B_day_out_mov,rgb_12mp_left,74,074_1637930656.400000095.png
960,img_960_train.png,images/train/img_960_train.png,train,4112,2504,OSDaR26_GAF,32_GAF_B_day_out_mov,rgb_12mp_middle,74,074_1637930656.400000095.png
961,img_961_train.png,images/train/img_961_train.png,train,4112,2504,OSDaR26_GAF,32_GAF_B_day_out_mov,rgb_12mp_right,74,074_1637930656.400000095.png
962,img_962_train.png,images/train/img_962_train.png,train,4112,2504,OSDaR26_GAF,32_GAF_B_day_out_mov,rgb_12mp_left,86,086_1637930657.599999905.png
963,img_963_train.png,images/train/img_963_train.png,train,4112,2504,OSDaR26_GAF,32_GAF_B_day_out_mov,rgb_12mp_right,86,086_1637930657.599999905.png
964,img_964_train.png,images/train/img_964_train.png,train,4112,2504,OSDaR26_GAF,32_GAF_B_day_out_mov,rgb_12mp_middle,98,098_1637930658.799999952.png
965,img_965_train.png,images/train/img_965_train.png,train,4112,2504,OSDaR26_GAF,30_GAF_B_day_out_mov,rgb_12mp_left,20,020_1637931108.000000000.png
966,img_966_train.png,images/train/img_966_train.png,train,4112,2504,OSDaR26_GAF,30_GAF_B_day_out_mov,rgb_12mp_middle,20,020_1637931108.000000000.png
967,img_967_train.png,images/train/img_967_train.png,train,4112,2504,OSDaR26_GAF,30_GAF_B_day_out_mov,rgb_12mp_right,20,020_1637931108.000000000.png
968,img_968_train.png,images/train/img_968_train.png,train,4112,2504,OSDaR26_GAF,30_GAF_B_day_out_mov,rgb_12mp_left,60,060_1637931112.000000000.png
969,img_969_train.png,images/train/img_969_train.png,train,4112,2504,OSDaR26_GAF,30_GAF_B_day_out_mov,rgb_12mp_middle,60,060_1637931112.000000000.png
970,img_970_train.png,images/train/img_970_train.png,train,4112,2504,OSDaR26_GAF,30_GAF_B_day_out_mov,rgb_12mp_right,60,060_1637931112.000000000.png
971,img_971_train.png,images/train/img_971_train.png,train,4112,2504,OSDaR26_GAF,30_GAF_B_day_out_mov,rgb_12mp_left,100,100_1637931116.000000000.png
972,img_972_train.png,images/train/img_972_train.png,train,4112,2504,OSDaR26_GAF,30_GAF_B_day_out_mov,rgb_12mp_middle,100,100_1637931116.000000000.png
973,img_973_train.png,images/train/img_973_train.png,train,4112,2504,OSDaR26_GAF,30_GAF_B_day_out_mov,rgb_12mp_right,100,100_1637931116.000000000.png
974,img_974_train.png,images/train/img_974_train.png,train,4112,2504,OSDaR26_GAF,37_GAF_B_day_out_steady,rgb_12mp_middle,0,000_1637932238.000000000.png
975,img_975_train.png,images/train/img_975_train.png,train,4112,2504,OSDaR26_GAF,37_GAF_B_day_out_steady,rgb_12mp_middle,268,268_1637932264.799999952.png
976,img_976_train.png,images/train/img_976_train.png,train,4112,2504,OSDaR26_GAF,35_GAF_B_day_out_mov,rgb_12mp_left,0,000_1637935055.000000000.png
977,img_977_train.png,images/train/img_977_train.png,train,4112,2504,OSDaR26_GAF,35_GAF_B_day_out_mov,rgb_12mp_middle,0,000_1637935055.000000000.png
978,img_978_train.png,images/train/img_978_train.png,train,4112,2504,OSDaR26_GAF,35_GAF_B_day_out_mov,rgb_12mp_left,13,013_1637935056.299999952.png
979,img_979_train.png,images/train/img_979_train.png,train,4112,2504,OSDaR26_GAF,35_GAF_B_day_out_mov,rgb_12mp_left,26,026_1637935057.600000143.png
980,img_980_train.png,images/train/img_980_train.png,train,4112,2504,OSDaR26_GAF,35_GAF_B_day_out_mov,rgb_12mp_middle,26,026_1637935057.599999905.png
981,img_981_train.png,images/train/img_981_train.png,train,4112,2504,OSDaR26_GAF,35_GAF_B_day_out_mov,rgb_12mp_right,26,026_1637935057.599999905.png
982,img_982_train.png,images/train/img_982_train.png,train,4112,2504,OSDaR26_GAF,35_GAF_B_day_out_mov,rgb_12mp_left,38,038_1637935058.799999952.png
983,img_983_train.png,images/train/img_983_train.png,train,4112,2504,OSDaR26_GAF,35_GAF_B_day_out_mov,rgb_12mp_right,39,039_1637935058.900000095.png
984,img_984_train.png,images/train/img_984_train.png,train,4112,2504,OSDaR26_GAF,35_GAF_B_day_out_mov,rgb_12mp_left,51,051_1637935060.099999905.png
985,img_985_train.png,images/train/img_985_train.png,train,4112,2504,OSDaR26_GAF,35_GAF_B_day_out_mov,rgb_12mp_left,63,063_1637935061.299999952.png
986,img_986_train.png,images/train/img_986_train.png,train,4112,2504,OSDaR26_GAF,35_GAF_B_day_out_mov,rgb_12mp_left,76,076_1637935062.599999905.png
987,img_987_train.png,images/train/img_987_train.png,train,4112,2504,OSDaR26_GAF,35_GAF_B_day_out_mov,rgb_12mp_middle,76,076_1637935062.599999905.png
988,img_988_train.png,images/train/img_988_train.png,train,4112,2504,OSDaR26_GAF,35_GAF_B_day_out_mov,rgb_12mp_right,76,076_1637935062.599999905.png
989,img_989_train.png,images/train/img_989_train.png,train,4112,2504,OSDaR26_GAF,35_GAF_B_day_out_mov,rgb_12mp_left,88,088_1637935063.799999952.png
990,img_990_train.png,images/train/img_990_train.png,train,4112,2504,OSDaR26_GAF,35_GAF_B_day_out_mov,rgb_12mp_left,101,101_1637935065.099999905.png
991,img_991_train.png,images/train/img_991_train.png,train,4112,2504,OSDaR26_GAF,35_GAF_B_day_out_mov,rgb_12mp_left,113,113_1637935066.299999952.png
992,img_992_train.png,images/train/img_992_train.png,train,4112,2504,OSDaR26_GAF,35_GAF_B_day_out_mov,rgb_12mp_left,126,126_1637935067.599999905.png
993,img_993_train.png,images/train/img_993_train.png,train,4112,2504,OSDaR26_GAF,35_GAF_B_day_out_mov,rgb_12mp_left,150,150_1637935070.000000000.png
994,img_994_train.png,images/train/img_994_train.png,train,4112,2504,OSDaR26_GAF,35_GAF_B_day_out_mov,rgb_12mp_middle,150,150_1637935070.000000000.png
995,img_995_train.png,images/train/img_995_train.png,train,4112,2504,OSDaR26_GAF,35_GAF_B_day_out_mov,rgb_12mp_left,163,163_1637935071.299999952.png
996,img_996_train.png,images/train/img_996_train.png,train,4112,2504,OSDaR26_GAF,35_GAF_B_day_out_mov,rgb_12mp_left,175,175_1637935072.500000000.png
997,img_997_train.png,images/train/img_997_train.png,train,4112,2504,OSDaR26_GAF,35_GAF_B_day_out_mov,rgb_12mp_middle,175,175_1637935072.500000000.png
998,img_998_train.png,images/train/img_998_train.png,train,4112,2504,OSDaR26_GAF,35_GAF_B_day_out_mov,rgb_12mp_right,181,181_1637935073.099999905.png
999,img_999_train.png,images/train/img_999_train.png,train,4112,2504,OSDaR26_GAF,35_GAF_B_day_out_mov,rgb_12mp_left,187,187_1637935073.700000048.png
1000,img_1000_train.png,images/train/img_1000_train.png,train,4112,2504,OSDaR26_GAF,35_GAF_B_day_out_mov,rgb_12mp_right,188,188_1637935073.799999952.png
1001,img_1001_train.png,images/train/img_1001_train.png,train,4112,2504,OSDaR26_GAF,35_GAF_B_day_out_mov,rgb_12mp_left,199,199_1637935074.900000095.png
1002,img_1002_train.png,images/train/img_1002_train.png,train,4112,2504,OSDaR26_GAF,35_GAF_B_day_out_mov,rgb_12mp_middle,199,199_1637935074.900000095.png
1003,img_1003_train.png,images/train/img_1003_train.png,train,4112,2504,OSDaR26_GAF,35_GAF_B_day_out_mov,rgb_12mp_right,200,200_1637935075.000000000.png
1004,img_1004_train.png,images/train/img_1004_train.png,train,4112,2504,OSDaR26_GAF,35_GAF_B_day_out_mov,rgb_12mp_left,211,211_1637935076.099999905.png
1005,img_1005_train.png,images/train/img_1005_train.png,train,4112,2504,OSDaR26_GAF,35_GAF_B_day_out_mov,rgb_12mp_left,224,224_1637935077.400000095.png
1006,img_1006_train.png,images/train/img_1006_train.png,train,4112,2504,OSDaR26_GAF,35_GAF_B_day_out_mov,rgb_12mp_right,224,224_1637935077.400000095.png
1007,img_1007_train.png,images/train/img_1007_train.png,train,4112,2504,OSDaR26_GAF,35_GAF_B_day_out_mov,rgb_12mp_left,236,236_1637935078.600000143.png
1008,img_1008_train.png,images/train/img_1008_train.png,train,4112,2504,OSDaR26_GAF,35_GAF_B_day_out_mov,rgb_12mp_right,236,236_1637935078.599999905.png
1009,img_1009_train.png,images/train/img_1009_train.png,train,4112,2504,OSDaR26_GAF,35_GAF_B_day_out_mov,rgb_12mp_left,248,248_1637935079.799999952.png
1010,img_1010_train.png,images/train/img_1010_train.png,train,4112,2504,OSDaR26_GAF,35_GAF_B_day_out_mov,rgb_12mp_middle,248,248_1637935079.799999952.png
1011,img_1011_train.png,images/train/img_1011_train.png,train,4112,2504,OSDaR26_GAF,35_GAF_B_day_out_mov,rgb_12mp_right,248,248_1637935079.799999952.png
1012,img_1012_train.png,images/train/img_1012_train.png,train,4112,2504,OSDaR26_GAF,64_GAF_HVLE_day_out_mov,rgb_12mp_middle,0,000_1638196109.000000000.png
1013,img_1013_train.png,images/train/img_1013_train.png,train,4112,2504,OSDaR26_GAF,64_GAF_HVLE_day_out_mov,rgb_12mp_middle,298,298_1638196138.799999952.png
1014,img_1014_train.png,images/train/img_1014_train.png,train,4112,2504,OSDaR26_GAF,58_GAF_HVLE_day_out_mov,rgb_12mp_left,0,000_1638196317.000000000.png
1015,img_1015_train.png,images/train/img_1015_train.png,train,4112,2504,OSDaR26_GAF,58_GAF_HVLE_day_out_mov,rgb_12mp_middle,0,000_1638196317.000000000.png
1016,img_1016_train.png,images/train/img_1016_train.png,train,4112,2504,OSDaR26_GAF,58_GAF_HVLE_day_out_mov,rgb_12mp_left,95,095_1638196326.500000000.png
1017,img_1017_train.png,images/train/img_1017_train.png,train,4112,2504,OSDaR26_GAF,58_GAF_HVLE_day_out_mov,rgb_12mp_middle,298,298_1638196346.799999952.png
1018,img_1018_train.png,images/train/img_1018_train.png,train,4112,2504,OSDaR26_GAF,54_GAF_HVLE_day_out_steady,rgb_12mp_left,258,258_1638196519.799999952.png
1019,img_1019_train.png,images/train/img_1019_train.png,train,4112,2504,OSDaR26_GAF,61_GAF_HVLE_day_out_mov,rgb_12mp_right,50,050_1638196610.099999905.png
1020,img_1020_train.png,images/train/img_1020_train.png,train,4112,2504,OSDaR26_GAF,61_GAF_HVLE_day_out_mov,rgb_12mp_middle,101,101_1638196615.200000048.png
1021,img_1021_train.png,images/train/img_1021_train.png,train,4112,2504,OSDaR26_GAF,61_GAF_HVLE_day_out_mov,rgb_12mp_right,101,101_1638196615.200000048.png
1022,img_1022_train.png,images/train/img_1022_train.png,train,4112,2504,OSDaR26_GAF,61_GAF_HVLE_day_out_mov,rgb_12mp_right,150,150_1638196620.099999905.png
1023,img_1023_train.png,images/train/img_1023_train.png,train,4112,2504,OSDaR26_GAF,61_GAF_HVLE_day_out_mov,rgb_12mp_middle,227,227_1638196627.799999952.png
1024,img_1024_train.png,images/train/img_1024_train.png,train,4112,2504,OSDaR26_GAF,24_GAF_B_day_out_mov,rgb_12mp_left,0,000_1638262703.099999905.png
1025,img_1025_train.png,images/train/img_1025_train.png,train,4112,2504,OSDaR26_GAF,24_GAF_B_day_out_mov,rgb_12mp_middle,0,000_1638262703.099999905.png
1026,img_1026_train.png,images/train/img_1026_train.png,train,4112,2504,OSDaR26_GAF,24_GAF_B_day_out_mov,rgb_12mp_left,28,028_1638262705.900000095.png
1027,img_1027_train.png,images/train/img_1027_train.png,train,4112,2504,OSDaR26_GAF,24_GAF_B_day_out_mov,rgb_12mp_left,55,055_1638262708.600000143.png
1028,img_1028_train.png,images/train/img_1028_train.png,train,4112,2504,OSDaR26_GAF,24_GAF_B_day_out_mov,rgb_12mp_middle,55,055_1638262708.599999905.png
1029,img_1029_train.png,images/train/img_1029_train.png,train,4112,2504,OSDaR26_GAF,24_GAF_B_day_out_mov,rgb_12mp_right,79,079_1638262711.000000000.png
1030,img_1030_train.png,images/train/img_1030_train.png,train,4112,2504,OSDaR26_GAF,24_GAF_B_day_out_mov,rgb_12mp_left,82,082_1638262711.299999952.png
1031,img_1031_train.png,images/train/img_1031_train.png,train,4112,2504,OSDaR26_GAF,24_GAF_B_day_out_mov,rgb_12mp_left,110,110_1638262714.100000143.png
1032,img_1032_train.png,images/train/img_1032_train.png,train,4112,2504,OSDaR26_GAF,24_GAF_B_day_out_mov,rgb_12mp_middle,110,110_1638262714.099999905.png
1033,img_1033_train.png,images/train/img_1033_train.png,train,4112,2504,OSDaR26_GAF,24_GAF_B_day_out_mov,rgb_12mp_right,116,116_1638262714.700000048.png
1034,img_1034_train.png,images/train/img_1034_train.png,train,4112,2504,OSDaR26_GAF,24_GAF_B_day_out_mov,rgb_12mp_middle,145,145_1638262717.599999905.png
1035,img_1035_train.png,images/train/img_1035_train.png,train,4112,2504,OSDaR26_GAF,24_GAF_B_day_out_mov,rgb_12mp_right,145,145_1638262717.599999905.png
1036,img_1036_train.png,images/train/img_1036_train.png,train,4112,2504,OSDaR26_GAF,17_GAF_B_day_out_mov,rgb_12mp_left,0,000_1638262718.000000000.png
1037,img_1037_train.png,images/train/img_1037_train.png,train,4112,2504,OSDaR26_GAF,17_GAF_B_day_out_mov,rgb_12mp_left,29,029_1638262720.900000095.png
1038,img_1038_train.png,images/train/img_1038_train.png,train,4112,2504,OSDaR26_GAF,17_GAF_B_day_out_mov,rgb_12mp_right,29,029_1638262720.900000095.png
1039,img_1039_train.png,images/train/img_1039_train.png,train,4112,2504,OSDaR26_GAF,17_GAF_B_day_out_mov,rgb_12mp_left,59,059_1638262723.900000095.png
1040,img_1040_train.png,images/train/img_1040_train.png,train,4112,2504,OSDaR26_GAF,17_GAF_B_day_out_mov,rgb_12mp_middle,59,059_1638262723.900000095.png
1041,img_1041_train.png,images/train/img_1041_train.png,train,4112,2504,OSDaR26_GAF,17_GAF_B_day_out_mov,rgb_12mp_right,59,059_1638262723.900000095.png
1042,img_1042_train.png,images/train/img_1042_train.png,train,4112,2504,OSDaR26_GAF,17_GAF_B_day_out_mov,rgb_12mp_left,89,089_1638262726.900000095.png
1043,img_1043_train.png,images/train/img_1043_train.png,train,4112,2504,OSDaR26_GAF,17_GAF_B_day_out_mov,rgb_12mp_right,89,089_1638262726.900000095.png
1044,img_1044_train.png,images/train/img_1044_train.png,train,4112,2504,OSDaR26_GAF,17_GAF_B_day_out_mov,rgb_12mp_left,119,119_1638262729.900000095.png
1045,img_1045_train.png,images/train/img_1045_train.png,train,4112,2504,OSDaR26_GAF,17_GAF_B_day_out_mov,rgb_12mp_middle,119,119_1638262729.900000095.png
1046,img_1046_train.png,images/train/img_1046_train.png,train,4112,2504,OSDaR26_GAF,17_GAF_B_day_out_mov,rgb_12mp_right,119,119_1638262729.900000095.png
1047,img_1047_train.png,images/train/img_1047_train.png,train,4112,2504,OSDaR26_GAF,17_GAF_B_day_out_mov,rgb_12mp_left,149,149_1638262732.900000095.png
1048,img_1048_train.png,images/train/img_1048_train.png,train,4112,2504,OSDaR26_GAF,17_GAF_B_day_out_mov,rgb_12mp_right,149,149_1638262732.900000095.png
1049,img_1049_train.png,images/train/img_1049_train.png,train,4112,2504,OSDaR26_GAF,17_GAF_B_day_out_mov,rgb_12mp_left,179,179_1638262735.900000095.png
1050,img_1050_train.png,images/train/img_1050_train.png,train,4112,2504,OSDaR26_GAF,17_GAF_B_day_out_mov,rgb_12mp_right,179,179_1638262735.900000095.png
1051,img_1051_train.png,images/train/img_1051_train.png,train,4112,2504,OSDaR26_GAF,17_GAF_B_day_out_mov,rgb_12mp_left,209,209_1638262738.900000095.png
1052,img_1052_train.png,images/train/img_1052_train.png,train,4112,2504,OSDaR26_GAF,17_GAF_B_day_out_mov,rgb_12mp_left,239,239_1638262741.900000095.png
1053,img_1053_train.png,images/train/img_1053_train.png,train,4112,2504,OSDaR26_GAF,17_GAF_B_day_out_mov,rgb_12mp_middle,239,239_1638262741.900000095.png
1054,img_1054_train.png,images/train/img_1054_train.png,train,4112,2504,OSDaR26_GAF,17_GAF_B_day_out_mov,rgb_12mp_right,239,239_1638262741.900000095.png
1055,img_1055_train.png,images/train/img_1055_train.png,train,4112,2504,OSDaR26_GAF,17_GAF_B_day_out_mov,rgb_12mp_left,269,269_1638262744.900000095.png
1056,img_1056_train.png,images/train/img_1056_train.png,train,4112,2504,OSDaR26_GAF,17_GAF_B_day_out_mov,rgb_12mp_left,298,298_1638262747.799999952.png
1057,img_1057_train.png,images/train/img_1057_train.png,train,4112,2504,OSDaR26_GAF,17_GAF_B_day_out_mov,rgb_12mp_middle,298,298_1638262747.799999952.png
1058,img_1058_train.png,images/train/img_1058_train.png,train,4112,2504,OSDaR26_GAF,26_GAF_B_day_out_mov,rgb_12mp_left,0,000_1638266472.100000143.png
1059,img_1059_train.png,images/train/img_1059_train.png,train,4112,2504,OSDaR26_GAF,26_GAF_B_day_out_mov,rgb_12mp_middle,0,000_1638266472.099999905.png
1060,img_1060_train.png,images/train/img_1060_train.png,train,4112,2504,OSDaR26_GAF,26_GAF_B_day_out_mov,rgb_12mp_right,0,000_1638266472.099999905.png
1061,img_1061_train.png,images/train/img_1061_train.png,train,4112,2504,OSDaR26_GAF,26_GAF_B_day_out_mov,rgb_12mp_left,12,012_1638266473.299999952.png
1062,img_1062_train.png,images/train/img_1062_train.png,train,4112,2504,OSDaR26_GAF,26_GAF_B_day_out_mov,rgb_12mp_right,12,012_1638266473.299999952.png
1063,img_1063_train.png,images/train/img_1063_train.png,train,4112,2504,OSDaR26_GAF,26_GAF_B_day_out_mov,rgb_12mp_left,24,024_1638266474.500000000.png
1064,img_1064_train.png,images/train/img_1064_train.png,train,4112,2504,OSDaR26_GAF,26_GAF_B_day_out_mov,rgb_12mp_middle,24,024_1638266474.500000000.png
1065,img_1065_train.png,images/train/img_1065_train.png,train,4112,2504,OSDaR26_GAF,26_GAF_B_day_out_mov,rgb_12mp_right,24,024_1638266474.500000000.png
1066,img_1066_train.png,images/train/img_1066_train.png,train,4112,2504,OSDaR26_GAF,26_GAF_B_day_out_mov,rgb_12mp_left,35,035_1638266475.599999905.png
1067,img_1067_train.png,images/train/img_1067_train.png,train,4112,2504,OSDaR26_GAF,26_GAF_B_day_out_mov,rgb_12mp_right,35,035_1638266475.600000143.png
1068,img_1068_train.png,images/train/img_1068_train.png,train,4112,2504,OSDaR26_GAF,26_GAF_B_day_out_mov,rgb_12mp_left,47,047_1638266476.799999952.png
1069,img_1069_train.png,images/train/img_1069_train.png,train,4112,2504,OSDaR26_GAF,26_GAF_B_day_out_mov,rgb_12mp_middle,47,047_1638266476.799999952.png
1070,img_1070_train.png,images/train/img_1070_train.png,train,4112,2504,OSDaR26_GAF,26_GAF_B_day_out_mov,rgb_12mp_right,47,047_1638266476.799999952.png
1071,img_1071_train.png,images/train/img_1071_train.png,train,4112,2504,OSDaR26_GAF,26_GAF_B_day_out_mov,rgb_12mp_left,59,059_1638266478.000000000.png
1072,img_1072_train.png,images/train/img_1072_train.png,train,4112,2504,OSDaR26_GAF,26_GAF_B_day_out_mov,rgb_12mp_left,71,071_1638266479.200000048.png
1073,img_1073_train.png,images/train/img_1073_train.png,train,4112,2504,OSDaR26_GAF,26_GAF_B_day_out_mov,rgb_12mp_middle,71,071_1638266479.200000048.png
1074,img_1074_train.png,images/train/img_1074_train.png,train,4112,2504,OSDaR26_GAF,26_GAF_B_day_out_mov,rgb_12mp_right,71,071_1638266479.200000048.png
1075,img_1075_train.png,images/train/img_1075_train.png,train,4112,2504,OSDaR26_GAF,26_GAF_B_day_out_mov,rgb_12mp_left,94,094_1638266481.500000000.png
1076,img_1076_train.png,images/train/img_1076_train.png,train,4112,2504,OSDaR26_GAF,26_GAF_B_day_out_mov,rgb_12mp_middle,94,094_1638266481.500000000.png
1077,img_1077_train.png,images/train/img_1077_train.png,train,4112,2504,OSDaR26_GAF,26_GAF_B_day_out_mov,rgb_12mp_left,106,106_1638266482.700000048.png
1078,img_1078_train.png,images/train/img_1078_train.png,train,4112,2504,OSDaR26_GAF,26_GAF_B_day_out_mov,rgb_12mp_right,106,106_1638266482.700000048.png
1079,img_1079_train.png,images/train/img_1079_train.png,train,4112,2504,OSDaR26_GAF,26_GAF_B_day_out_mov,rgb_12mp_left,117,117_1638266483.799999952.png
1080,img_1080_train.png,images/train/img_1080_train.png,train,4112,2504,OSDaR26_GAF,26_GAF_B_day_out_mov,rgb_12mp_middle,117,117_1638266483.799999952.png
1081,img_1081_train.png,images/train/img_1081_train.png,train,4112,2504,OSDaR26_GAF,26_GAF_B_day_out_mov,rgb_12mp_right,117,117_1638266483.799999952.png
1082,img_1082_train.png,images/train/img_1082_train.png,train,4112,2504,OSDaR26_GAF,26_GAF_B_day_out_mov,rgb_12mp_right,129,129_1638266485.000000000.png
1083,img_1083_train.png,images/train/img_1083_train.png,train,4112,2504,OSDaR26_GAF,26_GAF_B_day_out_mov,rgb_12mp_left,130,130_1638266485.099999905.png
1084,img_1084_train.png,images/train/img_1084_train.png,train,4112,2504,OSDaR26_GAF,26_GAF_B_day_out_mov,rgb_12mp_left,140,140_1638266486.099999905.png
1085,img_1085_train.png,images/train/img_1085_train.png,train,4112,2504,OSDaR26_GAF,26_GAF_B_day_out_mov,rgb_12mp_middle,140,140_1638266486.099999905.png
1086,img_1086_train.png,images/train/img_1086_train.png,train,4112,2504,OSDaR26_GAF,26_GAF_B_day_out_mov,rgb_12mp_right,140,140_1638266486.099999905.png
1087,img_1087_train.png,images/train/img_1087_train.png,train,4112,2504,OSDaR26_GAF,26_GAF_B_day_out_mov,rgb_12mp_left,152,152_1638266487.299999952.png
1088,img_1088_train.png,images/train/img_1088_train.png,train,4112,2504,OSDaR26_GAF,26_GAF_B_day_out_mov,rgb_12mp_right,152,152_1638266487.299999952.png
1089,img_1089_train.png,images/train/img_1089_train.png,train,4112,2504,OSDaR26_GAF,26_GAF_B_day_out_mov,rgb_12mp_left,163,163_1638266488.400000095.png
1090,img_1090_train.png,images/train/img_1090_train.png,train,4112,2504,OSDaR26_GAF,26_GAF_B_day_out_mov,rgb_12mp_middle,163,163_1638266488.400000095.png
1091,img_1091_train.png,images/train/img_1091_train.png,train,4112,2504,OSDaR26_GAF,26_GAF_B_day_out_mov,rgb_12mp_right,163,163_1638266488.400000095.png
1092,img_1092_train.png,images/train/img_1092_train.png,train,4112,2504,OSDaR26_GAF,26_GAF_B_day_out_mov,rgb_12mp_left,175,175_1638266489.599999905.png
1093,img_1093_train.png,images/train/img_1093_train.png,train,4112,2504,OSDaR26_GAF,26_GAF_B_day_out_mov,rgb_12mp_left,186,186_1638266490.700000048.png
1094,img_1094_train.png,images/train/img_1094_train.png,train,4112,2504,OSDaR26_GAF,26_GAF_B_day_out_mov,rgb_12mp_middle,186,186_1638266490.700000048.png
1095,img_1095_train.png,images/train/img_1095_train.png,train,4112,2504,OSDaR26_GAF,18_GAF_B_day_out_mov,rgb_12mp_middle,0,000_1638267244.100000143.png
1096,img_1096_train.png,images/train/img_1096_train.png,train,4112,2504,OSDaR26_GAF,18_GAF_B_day_out_mov,rgb_12mp_right,0,000_1638267244.100000143.png
1097,img_1097_train.png,images/train/img_1097_train.png,train,4112,2504,OSDaR26_GAF,18_GAF_B_day_out_mov,rgb_12mp_right,46,046_1638267248.700000048.png
1098,img_1098_train.png,images/train/img_1098_train.png,train,4112,2504,OSDaR26_GAF,18_GAF_B_day_out_mov,rgb_12mp_left,95,095_1638267253.600000143.png
1099,img_1099_train.png,images/train/img_1099_train.png,train,4112,2504,OSDaR26_GAF,18_GAF_B_day_out_mov,rgb_12mp_middle,95,095_1638267253.599999905.png
1100,img_1100_train.png,images/train/img_1100_train.png,train,4112,2504,OSDaR26_GAF,18_GAF_B_day_out_mov,rgb_12mp_right,95,095_1638267253.599999905.png
1101,img_1101_train.png,images/train/img_1101_train.png,train,4112,2504,OSDaR26_GAF,18_GAF_B_day_out_mov,rgb_12mp_left,176,176_1638267261.700000048.png
1102,img_1102_train.png,images/train/img_1102_train.png,train,4112,2504,OSDaR26_GAF,18_GAF_B_day_out_mov,rgb_12mp_right,176,176_1638267261.700000048.png
1103,img_1103_train.png,images/train/img_1103_train.png,train,4112,2504,OSDaR26_GAF,18_GAF_B_day_out_mov,rgb_12mp_left,287,287_1638267272.799999952.png
1104,img_1104_train.png,images/train/img_1104_train.png,train,4112,2504,OSDaR26_GAF,18_GAF_B_day_out_mov,rgb_12mp_middle,287,287_1638267272.799999952.png
1105,img_1105_train.png,images/train/img_1105_train.png,train,4112,2504,OSDaR26_GAF,18_GAF_B_day_out_mov,rgb_12mp_right,287,287_1638267272.799999952.png
1106,img_1106_train.png,images/train/img_1106_train.png,train,4112,2504,OSDaR26_GAF,19_GAF_B_day_out_mov,rgb_12mp_middle,0,000_1638267759.099999905.png
1107,img_1107_train.png,images/train/img_1107_train.png,train,4112,2504,OSDaR26_GAF,19_GAF_B_day_out_mov,rgb_12mp_right,0,000_1638267759.099999905.png
1108,img_1108_train.png,images/train/img_1108_train.png,train,4112,2504,OSDaR26_GAF,19_GAF_B_day_out_mov,rgb_12mp_middle,157,157_1638267774.799999952.png
1109,img_1109_train.png,images/train/img_1109_train.png,train,4112,2504,OSDaR26_GAF,19_GAF_B_day_out_mov,rgb_12mp_middle,207,207_1638267779.799999952.png
1110,img_1110_train.png,images/train/img_1110_train.png,train,4112,2504,OSDaR26_GAF,46_GAF_B_day_out_mov,rgb_12mp_left,0,000_1638269600.099999905.png
1111,img_1111_train.png,images/train/img_1111_train.png,train,4112,2504,OSDaR26_GAF,46_GAF_B_day_out_mov,rgb_12mp_middle,0,000_1638269600.099999905.png
1112,img_1112_train.png,images/train/img_1112_train.png,train,4112,2504,OSDaR26_GAF,46_GAF_B_day_out_mov,rgb_12mp_right,0,000_1638269600.100000143.png
1113,img_1113_train.png,images/train/img_1113_train.png,train,4112,2504,OSDaR26_GAF,46_GAF_B_day_out_mov,rgb_12mp_left,11,011_1638269601.200000048.png
1114,img_1114_train.png,images/train/img_1114_train.png,train,4112,2504,OSDaR26_GAF,46_GAF_B_day_out_mov,rgb_12mp_left,23,023_1638269602.400000095.png
1115,img_1115_train.png,images/train/img_1115_train.png,train,4112,2504,OSDaR26_GAF,46_GAF_B_day_out_mov,rgb_12mp_middle,23,023_1638269602.400000095.png
1116,img_1116_train.png,images/train/img_1116_train.png,train,4112,2504,OSDaR26_GAF,46_GAF_B_day_out_mov,rgb_12mp_right,23,023_1638269602.400000095.png
1117,img_1117_train.png,images/train/img_1117_train.png,train,4112,2504,OSDaR26_GAF,46_GAF_B_day_out_mov,rgb_12mp_right,34,034_1638269603.500000000.png
1118,img_1118_train.png,images/train/img_1118_train.png,train,4112,2504,OSDaR26_GAF,46_GAF_B_day_out_mov,rgb_12mp_left,45,045_1638269604.599999905.png
1119,img_1119_train.png,images/train/img_1119_train.png,train,4112,2504,OSDaR26_GAF,46_GAF_B_day_out_mov,rgb_12mp_right,45,045_1638269604.599999905.png
1120,img_1120_train.png,images/train/img_1120_train.png,train,4112,2504,OSDaR26_GAF,46_GAF_B_day_out_mov,rgb_12mp_left,57,057_1638269605.799999952.png
1121,img_1121_train.png,images/train/img_1121_train.png,train,4112,2504,OSDaR26_GAF,46_GAF_B_day_out_mov,rgb_12mp_right,57,057_1638269605.799999952.png
1122,img_1122_train.png,images/train/img_1122_train.png,train,4112,2504,OSDaR26_GAF,46_GAF_B_day_out_mov,rgb_12mp_left,68,068_1638269606.900000095.png
1123,img_1123_train.png,images/train/img_1123_train.png,train,4112,2504,OSDaR26_GAF,46_GAF_B_day_out_mov,rgb_12mp_middle,68,068_1638269606.900000095.png
1124,img_1124_train.png,images/train/img_1124_train.png,train,4112,2504,OSDaR26_GAF,46_GAF_B_day_out_mov,rgb_12mp_right,68,068_1638269606.900000095.png
1125,img_1125_train.png,images/train/img_1125_train.png,train,4112,2504,OSDaR26_GAF,46_GAF_B_day_out_mov,rgb_12mp_right,79,079_1638269608.000000000.png
1126,img_1126_train.png,images/train/img_1126_train.png,train,4112,2504,OSDaR26_GAF,46_GAF_B_day_out_mov,rgb_12mp_middle,90,090_1638269609.100000143.png
1127,img_1127_train.png,images/train/img_1127_train.png,train,4112,2504,OSDaR26_GAF,46_GAF_B_day_out_mov,rgb_12mp_right,90,090_1638269609.099999905.png
1128,img_1128_train.png,images/train/img_1128_train.png,train,4112,2504,OSDaR26_GAF,46_GAF_B_day_out_mov,rgb_12mp_right,102,102_1638269610.299999952.png
1129,img_1129_train.png,images/train/img_1129_train.png,train,4112,2504,OSDaR26_GAF,21_GAF_B_day_out_mov,rgb_12mp_left,0,000_1638270189.000000000.png
1130,img_1130_train.png,images/train/img_1130_train.png,train,4112,2504,OSDaR26_GAF,21_GAF_B_day_out_mov,rgb_12mp_middle,0,000_1638270189.000000000.png
1131,img_1131_train.png,images/train/img_1131_train.png,train,4112,2504,OSDaR26_GAF,21_GAF_B_day_out_mov,rgb_12mp_right,0,000_1638270189.000000000.png
1132,img_1132_train.png,images/train/img_1132_train.png,train,4112,2504,OSDaR26_GAF,21_GAF_B_day_out_mov,rgb_12mp_left,97,097_1638270198.700000048.png
1133,img_1133_train.png,images/train/img_1133_train.png,train,4112,2504,OSDaR26_GAF,21_GAF_B_day_out_mov,rgb_12mp_middle,97,097_1638270198.700000048.png
1134,img_1134_train.png,images/train/img_1134_train.png,train,4112,2504,OSDaR26_GAF,21_GAF_B_day_out_mov,rgb_12mp_right,97,097_1638270198.700000048.png
1135,img_1135_train.png,images/train/img_1135_train.png,train,4112,2504,OSDaR26_GAF,21_GAF_B_day_out_mov,rgb_12mp_right,135,135_1638270202.500000000.png
1136,img_1136_train.png,images/train/img_1136_train.png,train,4112,2504,OSDaR26_GAF,21_GAF_B_day_out_mov,rgb_12mp_left,171,171_1638270206.100000143.png
1137,img_1137_train.png,images/train/img_1137_train.png,train,4112,2504,OSDaR26_GAF,21_GAF_B_day_out_mov,rgb_12mp_middle,171,171_1638270206.099999905.png
1138,img_1138_train.png,images/train/img_1138_train.png,train,4112,2504,OSDaR26_GAF,21_GAF_B_day_out_mov,rgb_12mp_right,171,171_1638270206.100000143.png
1139,img_1139_train.png,images/train/img_1139_train.png,train,4112,2504,OSDaR26_GAF,21_GAF_B_day_out_mov,rgb_12mp_left,207,207_1638270209.700000048.png
1140,img_1140_train.png,images/train/img_1140_train.png,train,4112,2504,OSDaR26_GAF,21_GAF_B_day_out_mov,rgb_12mp_right,207,207_1638270209.700000048.png
1141,img_1141_train.png,images/train/img_1141_train.png,train,4112,2504,OSDaR26_GAF,21_GAF_B_day_out_mov,rgb_12mp_left,241,241_1638270213.099999905.png
1142,img_1142_train.png,images/train/img_1142_train.png,train,4112,2504,OSDaR26_GAF,21_GAF_B_day_out_mov,rgb_12mp_middle,241,241_1638270213.099999905.png
1143,img_1143_train.png,images/train/img_1143_train.png,train,4112,2504,OSDaR26_GAF,21_GAF_B_day_out_mov,rgb_12mp_right,241,241_1638270213.100000143.png
1144,img_1144_train.png,images/train/img_1144_train.png,train,4112,2504,OSDaR26_GAF,21_GAF_B_day_out_mov,rgb_12mp_left,278,278_1638270216.799999952.png
1145,img_1145_train.png,images/train/img_1145_train.png,train,4112,2504,OSDaR26_GAF,21_GAF_B_day_out_mov,rgb_12mp_middle,278,278_1638270216.799999952.png
1146,img_1146_train.png,images/train/img_1146_train.png,train,4112,2504,OSDaR26_GAF,21_GAF_B_day_out_mov,rgb_12mp_right,278,278_1638270216.799999952.png
1147,img_1147_train.png,images/train/img_1147_train.png,train,4112,2504,OSDaR26_GAF,29_GAF_B_day_out_mov,rgb_12mp_middle,0,000_1638274755.000000000.png
1148,img_1148_train.png,images/train/img_1148_train.png,train,4112,2504,OSDaR26_GAF,29_GAF_B_day_out_mov,rgb_12mp_middle,39,039_1638274758.900000095.png
1149,img_1149_train.png,images/train/img_1149_train.png,train,4112,2504,OSDaR26_GAF,29_GAF_B_day_out_mov,rgb_12mp_right,43,043_1638274759.299999952.png
1150,img_1150_train.png,images/train/img_1150_train.png,train,4112,2504,OSDaR26_GAF,29_GAF_B_day_out_mov,rgb_12mp_right,54,054_1638274760.400000095.png
1151,img_1151_train.png,images/train/img_1151_train.png,train,4112,2504,OSDaR26_GAF,29_GAF_B_day_out_mov,rgb_12mp_right,66,066_1638274761.599999905.png
1152,img_1152_train.png,images/train/img_1152_train.png,train,4112,2504,OSDaR26_GAF,29_GAF_B_day_out_mov,rgb_12mp_middle,78,078_1638274762.799999952.png
1153,img_1153_train.png,images/train/img_1153_train.png,train,4112,2504,OSDaR26_GAF,29_GAF_B_day_out_mov,rgb_12mp_right,78,078_1638274762.799999952.png
1154,img_1154_train.png,images/train/img_1154_train.png,train,4112,2504,OSDaR26_GAF,29_GAF_B_day_out_mov,rgb_12mp_middle,97,097_1638274764.700000048.png
1155,img_1155_train.png,images/train/img_1155_train.png,train,4112,2504,OSDaR26_GAF,29_GAF_B_day_out_mov,rgb_12mp_right,112,112_1638274766.200000048.png
1156,img_1156_train.png,images/train/img_1156_train.png,train,4112,2504,OSDaR26_GAF,29_GAF_B_day_out_mov,rgb_12mp_right,128,128_1638274767.799999952.png
1157,img_1157_train.png,images/train/img_1157_train.png,train,4112,2504,OSDaR26_GAF,29_GAF_B_day_out_mov,rgb_12mp_right,137,137_1638274768.700000048.png
1158,img_1158_train.png,images/train/img_1158_train.png,train,4112,2504,OSDaR26_GAF,29_GAF_B_day_out_mov,rgb_12mp_middle,138,138_1638274768.799999952.png
1159,img_1159_train.png,images/train/img_1159_train.png,train,4112,2504,OSDaR26_GAF,25_GAF_B_day_out_mov,rgb_12mp_left,0,000_1638277855.000000000.png
1160,img_1160_train.png,images/train/img_1160_train.png,train,4112,2504,OSDaR26_GAF,25_GAF_B_day_out_mov,rgb_12mp_middle,0,000_1638277855.000000000.png
1161,img_1161_train.png,images/train/img_1161_train.png,train,4112,2504,OSDaR26_GAF,25_GAF_B_day_out_mov,rgb_12mp_right,0,000_1638277855.000000000.png
1162,img_1162_train.png,images/train/img_1162_train.png,train,4112,2504,OSDaR26_GAF,25_GAF_B_day_out_mov,rgb_12mp_left,20,020_1638277857.000000000.png
1163,img_1163_train.png,images/train/img_1163_train.png,train,4112,2504,OSDaR26_GAF,25_GAF_B_day_out_mov,rgb_12mp_right,20,020_1638277857.000000000.png
1164,img_1164_train.png,images/train/img_1164_train.png,train,4112,2504,OSDaR26_GAF,25_GAF_B_day_out_mov,rgb_12mp_left,39,039_1638277858.900000095.png
1165,img_1165_train.png,images/train/img_1165_train.png,train,4112,2504,OSDaR26_GAF,25_GAF_B_day_out_mov,rgb_12mp_middle,39,039_1638277858.900000095.png
1166,img_1166_train.png,images/train/img_1166_train.png,train,4112,2504,OSDaR26_GAF,25_GAF_B_day_out_mov,rgb_12mp_right,39,039_1638277858.900000095.png
1167,img_1167_train.png,images/train/img_1167_train.png,train,4112,2504,OSDaR26_GAF,25_GAF_B_day_out_mov,rgb_12mp_left,59,059_1638277860.900000095.png
1168,img_1168_train.png,images/train/img_1168_train.png,train,4112,2504,OSDaR26_GAF,25_GAF_B_day_out_mov,rgb_12mp_right,59,059_1638277860.900000095.png
1169,img_1169_train.png,images/train/img_1169_train.png,train,4112,2504,OSDaR26_GAF,25_GAF_B_day_out_mov,rgb_12mp_left,79,079_1638277862.900000095.png
1170,img_1170_train.png,images/train/img_1170_train.png,train,4112,2504,OSDaR26_GAF,25_GAF_B_day_out_mov,rgb_12mp_right,79,079_1638277862.900000095.png
1171,img_1171_train.png,images/train/img_1171_train.png,train,4112,2504,OSDaR26_GAF,25_GAF_B_day_out_mov,rgb_12mp_left,100,100_1638277865.000000000.png
1172,img_1172_train.png,images/train/img_1172_train.png,train,4112,2504,OSDaR26_GAF,25_GAF_B_day_out_mov,rgb_12mp_left,121,121_1638277867.100000143.png
1173,img_1173_train.png,images/train/img_1173_train.png,train,4112,2504,OSDaR26_GAF,25_GAF_B_day_out_mov,rgb_12mp_middle,121,121_1638277867.099999905.png
1174,img_1174_train.png,images/train/img_1174_train.png,train,4112,2504,OSDaR26_GAF,25_GAF_B_day_out_mov,rgb_12mp_right,121,121_1638277867.099999905.png
1175,img_1175_train.png,images/train/img_1175_train.png,train,4112,2504,OSDaR26_GAF,25_GAF_B_day_out_mov,rgb_12mp_left,142,142_1638277869.200000048.png
1176,img_1176_train.png,images/train/img_1176_train.png,train,4112,2504,OSDaR26_GAF,25_GAF_B_day_out_mov,rgb_12mp_left,165,165_1638277871.500000000.png
1177,img_1177_train.png,images/train/img_1177_train.png,train,4112,2504,OSDaR26_GAF,25_GAF_B_day_out_mov,rgb_12mp_middle,165,165_1638277871.500000000.png
1178,img_1178_train.png,images/train/img_1178_train.png,train,4112,2504,OSDaR26_GAF,25_GAF_B_day_out_mov,rgb_12mp_right,165,165_1638277871.500000000.png
1179,img_1179_train.png,images/train/img_1179_train.png,train,4112,2504,OSDaR26_GAF,25_GAF_B_day_out_mov,rgb_12mp_left,190,190_1638277874.000000000.png
1180,img_1180_train.png,images/train/img_1180_train.png,train,4112,2504,OSDaR26_GAF,25_GAF_B_day_out_mov,rgb_12mp_left,216,216_1638277876.599999905.png
1181,img_1181_train.png,images/train/img_1181_train.png,train,4112,2504,OSDaR26_GAF,25_GAF_B_day_out_mov,rgb_12mp_middle,216,216_1638277876.599999905.png
1182,img_1182_train.png,images/train/img_1182_train.png,train,4112,2504,OSDaR26_GAF,25_GAF_B_day_out_mov,rgb_12mp_right,216,216_1638277876.599999905.png
1183,img_1183_train.png,images/train/img_1183_train.png,train,4112,2504,GAF,2021-12-01_11-09-22__2021-12-01_11-58-19+20,rgb_12mp_left,0,000_1638359899.000000000.png
1184,img_1184_train.png,images/train/img_1184_train.png,train,4112,2504,GAF,2021-12-01_11-09-22__2021-12-01_11-58-19+20,rgb_12mp_middle,0,000_1638359899.000000000.png
1185,img_1185_train.png,images/train/img_1185_train.png,train,4112,2504,GAF,2021-12-01_11-09-22__2021-12-01_11-58-19+20,rgb_12mp_right,0,000_1638359899.000000000.png
1186,img_1186_train.png,images/train/img_1186_train.png,train,4112,2504,GAF,2021-12-01_11-09-22__2021-12-01_11-58-19+20,rgb_12mp_left,34,034_1638359902.400000095.png
1187,img_1187_train.png,images/train/img_1187_train.png,train,4112,2504,GAF,2021-12-01_11-09-22__2021-12-01_11-58-19+20,rgb_12mp_middle,34,034_1638359902.400000095.png
1188,img_1188_train.png,images/train/img_1188_train.png,train,4112,2504,GAF,2021-12-01_11-09-22__2021-12-01_11-58-19+20,rgb_12mp_right,34,034_1638359902.400000095.png
1189,img_1189_train.png,images/train/img_1189_train.png,train,4112,2504,GAF,2021-12-01_11-09-22__2021-12-01_11-58-19+20,rgb_12mp_left,46,046_1638359903.599999905.png
1190,img_1190_train.png,images/train/img_1190_train.png,train,4112,2504,GAF,2021-12-01_11-09-22__2021-12-01_11-58-19+20,rgb_12mp_right,57,057_1638359904.700000048.png
1191,img_1191_train.png,images/train/img_1191_train.png,train,4112,2504,GAF,2021-12-01_11-09-22__2021-12-01_11-58-19+20,rgb_12mp_right,68,068_1638359905.799999952.png
1192,img_1192_train.png,images/train/img_1192_train.png,train,4112,2504,GAF,2021-12-01_11-09-22__2021-12-01_11-58-19+20,rgb_12mp_left,80,080_1638359907.000000000.png
1193,img_1193_train.png,images/train/img_1193_train.png,train,4112,2504,GAF,2021-12-01_11-09-22__2021-12-01_11-58-19+20,rgb_12mp_right,80,080_1638359907.000000000.png
1194,img_1194_train.png,images/train/img_1194_train.png,train,4112,2504,GAF,2021-12-01_11-09-22__2021-12-01_11-58-19+20,rgb_12mp_right,91,091_1638359908.099999905.png
1195,img_1195_train.png,images/train/img_1195_train.png,train,4112,2504,GAF,2021-12-01_11-09-22__2021-12-01_11-58-19+20,rgb_12mp_left,102,102_1638359909.200000048.png
1196,img_1196_train.png,images/train/img_1196_train.png,train,4112,2504,GAF,2021-12-01_11-09-22__2021-12-01_11-58-19+20,rgb_12mp_middle,102,102_1638359909.200000048.png
1197,img_1197_train.png,images/train/img_1197_train.png,train,4112,2504,GAF,2021-12-01_11-09-22__2021-12-01_11-58-19+20,rgb_12mp_right,102,102_1638359909.200000048.png
1198,img_1198_train.png,images/train/img_1198_train.png,train,4112,2504,GAF,2021-12-01_11-09-22__2021-12-01_11-58-19+20,rgb_12mp_left,125,125_1638359911.500000000.png
1199,img_1199_train.png,images/train/img_1199_train.png,train,4112,2504,GAF,2021-12-01_11-09-22__2021-12-01_11-58-19+20,rgb_12mp_right,125,125_1638359911.500000000.png
1200,img_1200_train.png,images/train/img_1200_train.png,train,4112,2504,GAF,2021-12-01_11-09-22__2021-12-01_11-58-19+20,rgb_12mp_right,136,136_1638359912.599999905.png
1201,img_1201_train.png,images/train/img_1201_train.png,train,4112,2504,GAF,2021-12-01_11-09-22__2021-12-01_11-58-19+20,rgb_12mp_left,147,147_1638359913.700000048.png
1202,img_1202_train.png,images/train/img_1202_train.png,train,4112,2504,GAF,2021-12-01_11-09-22__2021-12-01_11-58-19+20,rgb_12mp_middle,147,147_1638359913.700000048.png
1203,img_1203_train.png,images/train/img_1203_train.png,train,4112,2504,GAF,2021-12-01_11-09-22__2021-12-01_11-58-19+20,rgb_12mp_right,147,147_1638359913.700000048.png
1204,img_1204_train.png,images/train/img_1204_train.png,train,4112,2504,GAF,2021-12-01_11-09-22__2021-12-01_11-58-19+20,rgb_12mp_right,158,158_1638359914.799999952.png
1205,img_1205_train.png,images/train/img_1205_train.png,train,4112,2504,GAF,2021-12-01_11-09-22__2021-12-01_11-58-19+20,rgb_12mp_right,181,181_1638359917.099999905.png
1206,img_1206_train.png,images/train/img_1206_train.png,train,4112,2504,GAF,2021-12-01_11-09-22__2021-12-01_11-58-19+20,rgb_12mp_left,192,192_1638359918.200000048.png
1207,img_1207_train.png,images/train/img_1207_train.png,train,4112,2504,GAF,2021-12-01_11-09-22__2021-12-01_11-58-19+20,rgb_12mp_middle,192,192_1638359918.200000048.png
1208,img_1208_train.png,images/train/img_1208_train.png,train,4112,2504,GAF,2021-12-01_11-09-22__2021-12-01_13-07-52+23,rgb_12mp_left,0,000_1638364072.000000000.png
1209,img_1209_train.png,images/train/img_1209_train.png,train,4112,2504,GAF,2021-12-01_11-09-22__2021-12-01_13-07-52+23,rgb_12mp_middle,0,000_1638364072.000000000.png
1210,img_1210_train.png,images/train/img_1210_train.png,train,4112,2504,GAF,2021-12-01_11-09-22__2021-12-01_13-07-52+23,rgb_12mp_right,0,000_1638364072.000000000.png
1211,img_1211_train.png,images/train/img_1211_train.png,train,4112,2504,GAF,2021-12-01_11-09-22__2021-12-01_13-07-52+23,rgb_12mp_left,55,055_1638364077.500000000.png
1212,img_1212_train.png,images/train/img_1212_train.png,train,4112,2504,GAF,2021-12-01_11-09-22__2021-12-01_13-07-52+23,rgb_12mp_middle,55,055_1638364077.500000000.png
1213,img_1213_train.png,images/train/img_1213_train.png,train,4112,2504,GAF,2021-12-01_11-09-22__2021-12-01_13-07-52+23,rgb_12mp_right,55,055_1638364077.500000000.png
1214,img_1214_train.png,images/train/img_1214_train.png,train,4112,2504,GAF,2021-12-01_11-09-22__2021-12-01_13-07-52+23,rgb_12mp_left,111,111_1638364083.099999905.png
1215,img_1215_train.png,images/train/img_1215_train.png,train,4112,2504,GAF,2021-12-01_11-09-22__2021-12-01_13-07-52+23,rgb_12mp_middle,111,111_1638364083.099999905.png
1216,img_1216_train.png,images/train/img_1216_train.png,train,4112,2504,GAF,2021-12-01_11-09-22__2021-12-01_13-07-52+23,rgb_12mp_right,111,111_1638364083.099999905.png
1217,img_1217_train.png,images/train/img_1217_train.png,train,4112,2504,GAF,2021-12-01_11-09-22__2021-12-01_13-07-52+23,rgb_12mp_middle,169,169_1638364088.900000095.png
1218,img_1218_train.png,images/train/img_1218_train.png,train,4112,2504,GAF,2021-12-01_11-09-22__2021-12-01_13-07-52+23,rgb_12mp_right,169,169_1638364088.900000095.png
1219,img_1219_train.png,images/train/img_1219_train.png,train,4112,2504,GAF,2021-12-01_11-09-22__2021-12-01_13-07-52+23,rgb_12mp_left,227,227_1638364094.700000048.png
1220,img_1220_train.png,images/train/img_1220_train.png,train,4112,2504,GAF,2021-12-01_11-09-22__2021-12-01_13-07-52+23,rgb_12mp_middle,227,227_1638364094.700000048.png
1221,img_1221_train.png,images/train/img_1221_train.png,train,4112,2504,GAF,2021-12-01_11-09-22__2021-12-01_13-07-52+23,rgb_12mp_right,227,227_1638364094.700000048.png
1222,img_1222_train.png,images/train/img_1222_train.png,train,4112,2504,OSDaR26_GAF,22_GAF_B_day_out_mov,rgb_12mp_left,1,001_1638364468.099999905.png
1223,img_1223_train.png,images/train/img_1223_train.png,train,4112,2504,OSDaR26_GAF,22_GAF_B_day_out_mov,rgb_12mp_middle,1,001_1638364468.100000143.png
1224,img_1224_train.png,images/train/img_1224_train.png,train,4112,2504,OSDaR26_GAF,22_GAF_B_day_out_mov,rgb_12mp_right,1,001_1638364468.099999905.png
1225,img_1225_train.png,images/train/img_1225_train.png,train,4112,2504,OSDaR26_GAF,22_GAF_B_day_out_mov,rgb_12mp_left,98,098_1638364477.799999952.png
1226,img_1226_train.png,images/train/img_1226_train.png,train,4112,2504,OSDaR26_GAF,22_GAF_B_day_out_mov,rgb_12mp_middle,98,098_1638364477.799999952.png
1227,img_1227_train.png,images/train/img_1227_train.png,train,4112,2504,OSDaR26_GAF,22_GAF_B_day_out_mov,rgb_12mp_right,98,098_1638364477.799999952.png
1228,img_1228_train.png,images/train/img_1228_train.png,train,4112,2504,OSDaR26_GAF,22_GAF_B_day_out_mov,rgb_12mp_right,138,138_1638364481.799999952.png
1229,img_1229_train.png,images/train/img_1229_train.png,train,4112,2504,OSDaR26_GAF,22_GAF_B_day_out_mov,rgb_12mp_right,158,158_1638364483.799999952.png
1230,img_1230_train.png,images/train/img_1230_train.png,train,4112,2504,OSDaR26_GAF,22_GAF_B_day_out_mov,rgb_12mp_left,178,178_1638364485.799999952.png
1231,img_1231_train.png,images/train/img_1231_train.png,train,4112,2504,OSDaR26_GAF,22_GAF_B_day_out_mov,rgb_12mp_middle,178,178_1638364485.799999952.png
1232,img_1232_train.png,images/train/img_1232_train.png,train,4112,2504,OSDaR26_GAF,22_GAF_B_day_out_mov,rgb_12mp_right,178,178_1638364485.799999952.png
1233,img_1233_train.png,images/train/img_1233_train.png,train,4112,2504,OSDaR26_GAF,31_GAF_B_day_out_mov,rgb_12mp_left,0,000_1638366921.000000000.png
1234,img_1234_train.png,images/train/img_1234_train.png,train,4112,2504,OSDaR26_GAF,31_GAF_B_day_out_mov,rgb_12mp_middle,0,000_1638366921.000000000.png
1235,img_1235_train.png,images/train/img_1235_train.png,train,4112,2504,OSDaR26_GAF,31_GAF_B_day_out_mov,rgb_12mp_left,28,028_1638366923.799999952.png
1236,img_1236_train.png,images/train/img_1236_train.png,train,4112,2504,OSDaR26_GAF,31_GAF_B_day_out_mov,rgb_12mp_right,28,028_1638366923.799999952.png
1237,img_1237_train.png,images/train/img_1237_train.png,train,4112,2504,OSDaR26_GAF,31_GAF_B_day_out_mov,rgb_12mp_left,55,055_1638366926.500000000.png
1238,img_1238_train.png,images/train/img_1238_train.png,train,4112,2504,OSDaR26_GAF,31_GAF_B_day_out_mov,rgb_12mp_right,55,055_1638366926.500000000.png
1239,img_1239_train.png,images/train/img_1239_train.png,train,4112,2504,OSDaR26_GAF,31_GAF_B_day_out_mov,rgb_12mp_left,82,082_1638366929.200000048.png
1240,img_1240_train.png,images/train/img_1240_train.png,train,4112,2504,OSDaR26_GAF,31_GAF_B_day_out_mov,rgb_12mp_middle,82,082_1638366929.200000048.png
1241,img_1241_train.png,images/train/img_1241_train.png,train,4112,2504,OSDaR26_GAF,31_GAF_B_day_out_mov,rgb_12mp_right,82,082_1638366929.200000048.png
1242,img_1242_train.png,images/train/img_1242_train.png,train,4112,2504,OSDaR26_GAF,31_GAF_B_day_out_mov,rgb_12mp_left,109,109_1638366931.900000095.png
1243,img_1243_train.png,images/train/img_1243_train.png,train,4112,2504,OSDaR26_GAF,31_GAF_B_day_out_mov,rgb_12mp_right,109,109_1638366931.900000095.png
1244,img_1244_train.png,images/train/img_1244_train.png,train,4112,2504,OSDaR26_GAF,31_GAF_B_day_out_mov,rgb_12mp_middle,123,123_1638366933.299999952.png
1245,img_1245_train.png,images/train/img_1245_train.png,train,4112,2504,OSDaR26_GAF,31_GAF_B_day_out_mov,rgb_12mp_left,136,136_1638366934.600000143.png
1246,img_1246_train.png,images/train/img_1246_train.png,train,4112,2504,OSDaR26_GAF,31_GAF_B_day_out_mov,rgb_12mp_right,136,136_1638366934.600000143.png
1247,img_1247_train.png,images/train/img_1247_train.png,train,4112,2504,OSDaR26_GAF,31_GAF_B_day_out_mov,rgb_12mp_left,164,164_1638366937.400000095.png
1248,img_1248_train.png,images/train/img_1248_train.png,train,4112,2504,OSDaR26_GAF,31_GAF_B_day_out_mov,rgb_12mp_right,164,164_1638366937.400000095.png
1249,img_1249_train.png,images/train/img_1249_train.png,train,4112,2504,OSDaR26_GAF,31_GAF_B_day_out_mov,rgb_12mp_left,187,187_1638366940.099999905.png
1250,img_1250_train.png,images/train/img_1250_train.png,train,4112,2504,OSDaR26_GAF,31_GAF_B_day_out_mov,rgb_12mp_right,187,187_1638366940.100000143.png
1251,img_1251_train.png,images/train/img_1251_train.png,train,4112,2504,OSDaR26_GAF,31_GAF_B_day_out_mov,rgb_12mp_middle,200,200_1638366941.400000095.png
1252,img_1252_train.png,images/train/img_1252_train.png,train,4112,2504,OSDaR26_GAF,31_GAF_B_day_out_mov,rgb_12mp_left,213,213_1638366942.700000048.png
1253,img_1253_train.png,images/train/img_1253_train.png,train,4112,2504,OSDaR26_GAF,31_GAF_B_day_out_mov,rgb_12mp_right,213,213_1638366942.700000048.png
1254,img_1254_train.png,images/train/img_1254_train.png,train,4112,2504,OSDaR26_GAF,31_GAF_B_day_out_mov,rgb_12mp_left,234,234_1638366944.799999952.png
1255,img_1255_train.png,images/train/img_1255_train.png,train,4112,2504,OSDaR26_GAF,31_GAF_B_day_out_mov,rgb_12mp_middle,234,234_1638366944.799999952.png
1256,img_1256_train.png,images/train/img_1256_train.png,train,4112,2504,OSDaR26_GAF,31_GAF_B_day_out_mov,rgb_12mp_right,234,234_1638366944.799999952.png
1257,img_1257_train.png,images/train/img_1257_train.png,train,4112,2504,OSDaR26_GAF,68_GAF_B_day_out_mov,rgb_12mp_left,0,000_1638368327.000000000.png
1258,img_1258_train.png,images/train/img_1258_train.png,train,4112,2504,OSDaR26_GAF,68_GAF_B_day_out_mov,rgb_12mp_middle,0,000_1638368327.000000000.png
1259,img_1259_train.png,images/train/img_1259_train.png,train,4112,2504,OSDaR26_GAF,68_GAF_B_day_out_mov,rgb_12mp_right,29,029_1638368329.900000095.png
1260,img_1260_train.png,images/train/img_1260_train.png,train,4112,2504,OSDaR26_GAF,68_GAF_B_day_out_mov,rgb_12mp_left,57,057_1638368332.700000048.png
1261,img_1261_train.png,images/train/img_1261_train.png,train,4112,2504,OSDaR26_GAF,68_GAF_B_day_out_mov,rgb_12mp_middle,57,057_1638368332.700000048.png
1262,img_1262_train.png,images/train/img_1262_train.png,train,4112,2504,OSDaR26_GAF,68_GAF_B_day_out_mov,rgb_12mp_right,84,084_1638368335.400000095.png
1263,img_1263_train.png,images/train/img_1263_train.png,train,4112,2504,OSDaR26_GAF,68_GAF_B_day_out_mov,rgb_12mp_left,111,111_1638368338.100000143.png
1264,img_1264_train.png,images/train/img_1264_train.png,train,4112,2504,OSDaR26_GAF,68_GAF_B_day_out_mov,rgb_12mp_middle,111,111_1638368338.099999905.png
1265,img_1265_train.png,images/train/img_1265_train.png,train,4112,2504,OSDaR26_GAF,68_GAF_B_day_out_mov,rgb_12mp_right,111,111_1638368338.099999905.png
1266,img_1266_train.png,images/train/img_1266_train.png,train,4112,2504,OSDaR26_GAF,68_GAF_B_day_out_mov,rgb_12mp_left,162,162_1638368343.200000048.png
1267,img_1267_train.png,images/train/img_1267_train.png,train,4112,2504,OSDaR26_GAF,68_GAF_B_day_out_mov,rgb_12mp_middle,162,162_1638368343.200000048.png
1268,img_1268_train.png,images/train/img_1268_train.png,train,4112,2504,OSDaR26_GAF,68_GAF_B_day_out_mov,rgb_12mp_right,162,162_1638368343.200000048.png
1269,img_1269_train.png,images/train/img_1269_train.png,train,4112,2504,OSDaR26_GAF,68_GAF_B_day_out_mov,rgb_12mp_left,210,210_1638368348.000000000.png
1270,img_1270_train.png,images/train/img_1270_train.png,train,4112,2504,OSDaR26_GAF,68_GAF_B_day_out_mov,rgb_12mp_middle,210,210_1638368348.000000000.png
1271,img_1271_train.png,images/train/img_1271_train.png,train,4112,2504,OSDaR26_GAF,68_GAF_B_day_out_mov,rgb_12mp_right,210,210_1638368348.000000000.png
1272,img_1272_train.png,images/train/img_1272_train.png,train,4112,2504,OSDaR26_GAF,33_GAF_B_day_out_mov,rgb_12mp_middle,0,000_1638370479.000000000.png
1273,img_1273_train.png,images/train/img_1273_train.png,train,4112,2504,OSDaR26_GAF,33_GAF_B_day_out_mov,rgb_12mp_right,0,000_1638370479.000000000.png
1274,img_1274_train.png,images/train/img_1274_train.png,train,4112,2504,OSDaR26_GAF,33_GAF_B_day_out_mov,rgb_12mp_left,40,040_1638370483.000000000.png
1275,img_1275_train.png,images/train/img_1275_train.png,train,4112,2504,OSDaR26_GAF,33_GAF_B_day_out_mov,rgb_12mp_right,40,040_1638370483.000000000.png
1276,img_1276_train.png,images/train/img_1276_train.png,train,4112,2504,OSDaR26_GAF,33_GAF_B_day_out_mov,rgb_12mp_left,60,060_1638370485.000000000.png
1277,img_1277_train.png,images/train/img_1277_train.png,train,4112,2504,OSDaR26_GAF,33_GAF_B_day_out_mov,rgb_12mp_right,60,060_1638370485.000000000.png
1278,img_1278_train.png,images/train/img_1278_train.png,train,4112,2504,OSDaR26_GAF,33_GAF_B_day_out_mov,rgb_12mp_left,78,078_1638370486.799999952.png
1279,img_1279_train.png,images/train/img_1279_train.png,train,4112,2504,OSDaR26_GAF,33_GAF_B_day_out_mov,rgb_12mp_left,97,097_1638370488.700000048.png
1280,img_1280_train.png,images/train/img_1280_train.png,train,4112,2504,OSDaR26_GAF,33_GAF_B_day_out_mov,rgb_12mp_middle,97,097_1638370488.700000048.png
1281,img_1281_train.png,images/train/img_1281_train.png,train,4112,2504,OSDaR26_GAF,33_GAF_B_day_out_mov,rgb_12mp_right,97,097_1638370488.700000048.png
1282,img_1282_train.png,images/train/img_1282_train.png,train,4112,2504,OSDaR26_GAF,33_GAF_B_day_out_mov,rgb_12mp_left,115,115_1638370490.500000000.png
1283,img_1283_train.png,images/train/img_1283_train.png,train,4112,2504,OSDaR26_GAF,33_GAF_B_day_out_mov,rgb_12mp_right,115,115_1638370490.500000000.png
1284,img_1284_train.png,images/train/img_1284_train.png,train,4112,2504,OSDaR26_GAF,33_GAF_B_day_out_mov,rgb_12mp_left,133,133_1638370492.299999952.png
1285,img_1285_train.png,images/train/img_1285_train.png,train,4112,2504,OSDaR26_GAF,33_GAF_B_day_out_mov,rgb_12mp_middle,133,133_1638370492.299999952.png
1286,img_1286_train.png,images/train/img_1286_train.png,train,4112,2504,OSDaR26_GAF,33_GAF_B_day_out_mov,rgb_12mp_right,133,133_1638370492.299999952.png
1287,img_1287_train.png,images/train/img_1287_train.png,train,4112,2504,OSDaR26_GAF,33_GAF_B_day_out_mov,rgb_12mp_left,150,150_1638370494.000000000.png
1288,img_1288_train.png,images/train/img_1288_train.png,train,4112,2504,OSDaR26_GAF,33_GAF_B_day_out_mov,rgb_12mp_right,150,150_1638370494.000000000.png
1289,img_1289_train.png,images/train/img_1289_train.png,train,4112,2504,OSDaR26_GAF,33_GAF_B_day_out_mov,rgb_12mp_middle,167,167_1638370495.700000048.png
1290,img_1290_train.png,images/train/img_1290_train.png,train,4112,2504,OSDaR26_GAF,33_GAF_B_day_out_mov,rgb_12mp_right,167,167_1638370495.700000048.png
1291,img_1291_train.png,images/train/img_1291_train.png,train,4112,2504,OSDaR26_GAF,33_GAF_B_day_out_mov,rgb_12mp_left,183,183_1638370497.299999952.png
1292,img_1292_train.png,images/train/img_1292_train.png,train,4112,2504,OSDaR26_GAF,33_GAF_B_day_out_mov,rgb_12mp_middle,183,183_1638370497.299999952.png
1293,img_1293_train.png,images/train/img_1293_train.png,train,4112,2504,OSDaR26_GAF,33_GAF_B_day_out_mov,rgb_12mp_right,183,183_1638370497.299999952.png
1294,img_1294_train.png,images/train/img_1294_train.png,train,4112,2504,OSDaR26_GAF,44_GAF_B_night_in_steady,rgb_12mp_left,0,000_1638378790.000000000.png
1295,img_1295_train.png,images/train/img_1295_train.png,train,4112,2504,OSDaR26_GAF,44_GAF_B_night_in_steady,rgb_12mp_middle,0,000_1638378790.000000000.png
1296,img_1296_train.png,images/train/img_1296_train.png,train,4112,2504,OSDaR26_GAF,44_GAF_B_night_in_steady,rgb_12mp_right,0,000_1638378790.000000000.png
1297,img_1297_train.png,images/train/img_1297_train.png,train,4112,2504,OSDaR26_GAF,44_GAF_B_night_in_steady,rgb_12mp_middle,150,150_1638378805.000000000.png
1298,img_1298_train.png,images/train/img_1298_train.png,train,4112,2504,OSDaR26_GAF,44_GAF_B_night_in_steady,rgb_12mp_right,150,150_1638378805.000000000.png
1299,img_1299_train.png,images/train/img_1299_train.png,train,4112,2504,OSDaR26_GAF,44_GAF_B_night_in_steady,rgb_12mp_left,298,298_1638378819.799999952.png
1300,img_1300_train.png,images/train/img_1300_train.png,train,4112,2504,OSDaR26_GAF,44_GAF_B_night_in_steady,rgb_12mp_middle,298,298_1638378819.799999952.png
1301,img_1301_train.png,images/train/img_1301_train.png,train,4112,2504,OSDaR26_GAF,44_GAF_B_night_in_steady,rgb_12mp_right,298,298_1638378819.799999952.png
1302,img_1302_train.png,images/train/img_1302_train.png,train,4112,2504,OSDaR26_GAF,45_GAF_B_night_in_steady,rgb_12mp_left,298,298_1638378901.799999952.png
1303,img_1303_train.png,images/train/img_1303_train.png,train,4112,2504,OSDaR26_GAF,45_GAF_B_night_in_steady,rgb_12mp_middle,298,298_1638378901.799999952.png
1304,img_1304_train.png,images/train/img_1304_train.png,train,4112,2504,OSDaR26_GAF,41_GAF_B_night_out_mov,rgb_12mp_left,124,124_1638379364.400000095.png
1305,img_1305_train.png,images/train/img_1305_train.png,train,4112,2504,OSDaR26_GAF,41_GAF_B_night_out_mov,rgb_12mp_middle,124,124_1638379364.400000095.png
1306,img_1306_train.png,images/train/img_1306_train.png,train,4112,2504,OSDaR26_GAF,41_GAF_B_night_out_mov,rgb_12mp_right,150,150_1638379367.000000000.png
1307,img_1307_train.png,images/train/img_1307_train.png,train,4112,2504,OSDaR26_GAF,41_GAF_B_night_out_mov,rgb_12mp_left,175,175_1638379369.500000000.png
1308,img_1308_train.png,images/train/img_1308_train.png,train,4112,2504,OSDaR26_GAF,41_GAF_B_night_out_mov,rgb_12mp_middle,175,175_1638379369.500000000.png
1309,img_1309_train.png,images/train/img_1309_train.png,train,4112,2504,OSDaR26_GAF,41_GAF_B_night_out_mov,rgb_12mp_right,175,175_1638379369.500000000.png
1310,img_1310_train.png,images/train/img_1310_train.png,train,4112,2504,OSDaR26_GAF,41_GAF_B_night_out_mov,rgb_12mp_right,199,199_1638379371.900000095.png
1311,img_1311_train.png,images/train/img_1311_train.png,train,4112,2504,OSDaR26_GAF,41_GAF_B_night_out_mov,rgb_12mp_middle,223,223_1638379374.299999952.png
1312,img_1312_train.png,images/train/img_1312_train.png,train,4112,2504,OSDaR26_GAF,41_GAF_B_night_out_mov,rgb_12mp_right,223,223_1638379374.299999952.png
1313,img_1313_train.png,images/train/img_1313_train.png,train,4112,2504,OSDaR26_GAF,67_GAF_HVLE_day_out_mov,rgb_12mp_left,0,000_1638441100.000000000.png
1314,img_1314_train.png,images/train/img_1314_train.png,train,4112,2504,OSDaR26_GAF,67_GAF_HVLE_day_out_mov,rgb_12mp_middle,0,000_1638441100.000000000.png
1315,img_1315_train.png,images/train/img_1315_train.png,train,4112,2504,OSDaR26_GAF,67_GAF_HVLE_day_out_mov,rgb_12mp_left,150,150_1638441115.000000000.png
1316,img_1316_train.png,images/train/img_1316_train.png,train,4112,2504,OSDaR26_GAF,67_GAF_HVLE_day_out_mov,rgb_12mp_middle,150,150_1638441115.000000000.png
1317,img_1317_train.png,images/train/img_1317_train.png,train,4112,2504,OSDaR26_GAF,67_GAF_HVLE_day_out_mov,rgb_12mp_left,250,250_1638441125.000000000.png
1318,img_1318_train.png,images/train/img_1318_train.png,train,4112,2504,OSDaR26_GAF,67_GAF_HVLE_day_out_mov,rgb_12mp_middle,250,250_1638441125.000000000.png
1319,img_1319_train.png,images/train/img_1319_train.png,train,4112,2504,OSDaR26_GAF,67_GAF_HVLE_day_out_mov,rgb_12mp_right,260,260_1638441126.000000000.png
1320,img_1320_train.png,images/train/img_1320_train.png,train,4112,2504,OSDaR26_GAF,62_GAF_HVLE_day_out_mov,rgb_12mp_left,0,000_1638441296.000000000.png
1321,img_1321_train.png,images/train/img_1321_train.png,train,4112,2504,OSDaR26_GAF,62_GAF_HVLE_day_out_mov,rgb_12mp_middle,0,000_1638441296.000000000.png
1322,img_1322_train.png,images/train/img_1322_train.png,train,4112,2504,OSDaR26_GAF,62_GAF_HVLE_day_out_mov,rgb_12mp_middle,200,200_1638441316.000000000.png
1323,img_1323_train.png,images/train/img_1323_train.png,train,4112,2504,OSDaR26_GAF,59_GAF_HVLE_day_out_mov,rgb_12mp_middle,0,000_1638441953.000000000.png
1324,img_1324_train.png,images/train/img_1324_train.png,train,4112,2504,OSDaR26_GAF,59_GAF_HVLE_day_out_mov,rgb_12mp_middle,297,297_1638441982.700000048.png
1325,img_1325_train.png,images/train/img_1325_train.png,train,4112,2504,OSDaR26_GAF,59_GAF_HVLE_day_out_mov,rgb_12mp_right,297,297_1638441982.700000048.png
1326,img_1326_train.png,images/train/img_1326_train.png,train,4112,2504,OSDaR26_GAF,60_GAF_HVLE_day_out_mov,rgb_12mp_right,90,090_1638442238.000000000.png
1327,img_1327_train.png,images/train/img_1327_train.png,train,4112,2504,OSDaR26_GAF,60_GAF_HVLE_day_out_mov,rgb_12mp_middle,150,150_1638442244.000000000.png
1328,img_1328_train.png,images/train/img_1328_train.png,train,4112,2504,OSDaR26_GAF,60_GAF_HVLE_day_out_mov,rgb_12mp_right,150,150_1638442244.000000000.png
1329,img_1329_train.png,images/train/img_1329_train.png,train,4112,2504,OSDaR26_GAF,60_GAF_HVLE_day_out_mov,rgb_12mp_left,186,186_1638442247.599999905.png
1330,img_1330_train.png,images/train/img_1330_train.png,train,4112,2504,OSDaR26_GAF,53_GAF_HVLE_day_out_steady,rgb_12mp_middle,0,000_1638449209.000000000.png
1331,img_1331_train.png,images/train/img_1331_train.png,train,4112,2504,OSDaR26_GAF,53_GAF_HVLE_day_out_steady,rgb_12mp_middle,240,240_1638449233.000000000.png
1332,img_1332_train.png,images/train/img_1332_train.png,train,4112,2504,OSDaR26_GAF,52_GAF_HVLE_day_out_steady,rgb_12mp_middle,0,000_1638451390.000000000.png
1333,img_1333_train.png,images/train/img_1333_train.png,train,4112,2504,OSDaR26_GAF,52_GAF_HVLE_day_out_steady,rgb_12mp_middle,298,298_1638451419.799999952.png
1334,img_1334_train.png,images/train/img_1334_train.png,train,4112,2504,OSDaR26_GAF,55_GAF_HVLE_day_out_steady,rgb_12mp_middle,0,000_1638451514.100000143.png
1335,img_1335_train.png,images/train/img_1335_train.png,train,4112,2504,OSDaR26_GAF,55_GAF_HVLE_day_out_steady,rgb_12mp_middle,150,150_1638451529.099999905.png
1336,img_1336_train.png,images/train/img_1336_train.png,train,4112,2504,GAF,2021-12-02_13-21-44__2021-12-02_13-25-57+30,rgb_12mp_middle,45,045_1638451561.500000000.png
1337,img_1337_train.png,images/train/img_1337_train.png,train,4112,2504,GAF,2021-12-02_13-21-44__2021-12-02_13-25-57+30,rgb_12mp_middle,222,222_1638451579.200000048.png
1338,img_1338_train.png,images/train/img_1338_train.png,train,4112,2504,OSDaR26_GAF,56_GAF_HVLE_day_out_steady,rgb_12mp_left,0,000_1638451728.000000000.png
1339,img_1339_train.png,images/train/img_1339_train.png,train,4112,2504,OSDaR26_GAF,56_GAF_HVLE_day_out_steady,rgb_12mp_middle,0,000_1638451728.000000000.png
1340,img_1340_train.png,images/train/img_1340_train.png,train,4112,2504,OSDaR26_GAF,56_GAF_HVLE_day_out_steady,rgb_12mp_right,0,000_1638451728.000000000.png
1341,img_1341_train.png,images/train/img_1341_train.png,train,4112,2504,OSDaR26_GAF,56_GAF_HVLE_day_out_steady,rgb_12mp_middle,140,140_1638451742.000000000.png
1342,img_1342_train.png,images/train/img_1342_train.png,train,4112,2504,OSDaR26_GAF,56_GAF_HVLE_day_out_steady,rgb_12mp_middle,218,218_1638451749.799999952.png
1343,img_1343_train.png,images/train/img_1343_train.png,train,4112,2504,OSDaR26_GAF,48_GAF_HVLE_day_out_steady,rgb_12mp_left,0,000_1638452075.000000000.png
1344,img_1344_train.png,images/train/img_1344_train.png,train,4112,2504,OSDaR26_GAF,48_GAF_HVLE_day_out_steady,rgb_12mp_middle,0,000_1638452075.000000000.png
1345,img_1345_train.png,images/train/img_1345_train.png,train,4112,2504,OSDaR26_GAF,48_GAF_HVLE_day_out_steady,rgb_12mp_right,0,000_1638452075.000000000.png
1346,img_1346_train.png,images/train/img_1346_train.png,train,4112,2504,OSDaR26_GAF,48_GAF_HVLE_day_out_steady,rgb_12mp_left,50,050_1638452080.000000000.png
1347,img_1347_train.png,images/train/img_1347_train.png,train,4112,2504,OSDaR26_GAF,48_GAF_HVLE_day_out_steady,rgb_12mp_middle,50,050_1638452080.000000000.png
1348,img_1348_train.png,images/train/img_1348_train.png,train,4112,2504,OSDaR26_GAF,48_GAF_HVLE_day_out_steady,rgb_12mp_left,150,150_1638452090.000000000.png
1349,img_1349_train.png,images/train/img_1349_train.png,train,4112,2504,OSDaR26_GAF,48_GAF_HVLE_day_out_steady,rgb_12mp_left,250,250_1638452100.000000000.png
1350,img_1350_train.png,images/train/img_1350_train.png,train,4112,2504,OSDaR26_GAF,48_GAF_HVLE_day_out_steady,rgb_12mp_middle,250,250_1638452100.000000000.png
1351,img_1351_train.png,images/train/img_1351_train.png,train,4112,2504,OSDaR26_GAF,48_GAF_HVLE_day_out_steady,rgb_12mp_right,250,250_1638452100.000000000.png
1352,img_1352_train.png,images/train/img_1352_train.png,train,4112,2504,OSDaR26_GAF,49_GAF_HVLE_day_out_steady,rgb_12mp_middle,0,000_1638452220.000000000.png
1353,img_1353_train.png,images/train/img_1353_train.png,train,4112,2504,OSDaR26_GAF,49_GAF_HVLE_day_out_steady,rgb_12mp_right,13,013_1638452221.299999952.png
1354,img_1354_train.png,images/train/img_1354_train.png,train,4112,2504,OSDaR26_GAF,49_GAF_HVLE_day_out_steady,rgb_12mp_middle,170,170_1638452237.000000000.png
1355,img_1355_train.png,images/train/img_1355_train.png,train,4112,2504,OSDaR26_GAF,49_GAF_HVLE_day_out_steady,rgb_12mp_left,223,223_1638452242.299999952.png
1356,img_1356_train.png,images/train/img_1356_train.png,train,4112,2504,OSDaR26_GAF,49_GAF_HVLE_day_out_steady,rgb_12mp_left,242,242_1638452244.200000048.png
1357,img_1357_train.png,images/train/img_1357_train.png,train,4112,2504,OSDaR26_GAF,49_GAF_HVLE_day_out_steady,rgb_12mp_middle,248,248_1638452244.799999952.png
1358,img_1358_train.png,images/train/img_1358_train.png,train,4112,2504,OSDaR26_GAF,49_GAF_HVLE_day_out_steady,rgb_12mp_right,248,248_1638452244.799999952.png
1359,img_1359_train.png,images/train/img_1359_train.png,train,4112,2504,OSDaR26_GAF,66_GAF_HVLE_day_out_mov,rgb_12mp_middle,8,008_1638452884.799999952.png
1360,img_1360_train.png,images/train/img_1360_train.png,train,4112,2504,OSDaR26_GAF,66_GAF_HVLE_day_out_mov,rgb_12mp_middle,100,100_1638452894.000000000.png
1361,img_1361_train.png,images/train/img_1361_train.png,train,4112,2504,OSDaR26_GAF,66_GAF_HVLE_day_out_mov,rgb_12mp_middle,180,180_1638452902.000000000.png
1362,img_1362_train.png,images/train/img_1362_train.png,train,3088,2064,OSDaR26_S4R,09_S4R_HH_day_out_mov,camera_long_range,0,00_1654252805.025922775.png
1363,img_1363_train.png,images/train/img_1363_train.png,train,3088,2064,OSDaR26_S4R,09_S4R_HH_day_out_mov,camera_long_range,50,50_1654252815.649472475.png
1364,img_1364_train.png,images/train/img_1364_train.png,train,3088,2064,OSDaR26_S4R,09_S4R_HH_day_out_mov,camera_long_range,88,88_1654252823.712424994.png
1365,img_1365_train.png,images/train/img_1365_train.png,train,3088,2064,OSDaR26_S4R,02_S4R_HH_day_out_mov,camera_long_range,0,00_1654689302.140797853.png
1366,img_1366_train.png,images/train/img_1366_train.png,train,3088,2064,OSDaR26_S4R,02_S4R_HH_day_out_mov,camera_long_range,25,25_1654689307.431095839.png
1367,img_1367_train.png,images/train/img_1367_train.png,train,3088,2064,OSDaR26_S4R,02_S4R_HH_day_out_mov,camera_long_range,82,82_1654689319.714945793.png
1368,img_1368_train.png,images/train/img_1368_train.png,train,3088,2064,OSDaR26_S4R,16_S4R_HH_day_in_mov,camera_long_range,0,00_1668772541.956516743.png
1369,img_1369_train.png,images/train/img_1369_train.png,train,3088,2064,OSDaR26_S4R,16_S4R_HH_day_in_mov,camera_long_range,36,36_1668772549.782603741.png
1370,img_1370_train.png,images/train/img_1370_train.png,train,3088,2064,OSDaR26_S4R,16_S4R_HH_day_in_mov,camera_long_range,69,69_1668772556.956516743.png
1371,img_1371_train.png,images/train/img_1371_train.png,train,3088,2064,OSDaR26_S4R,16_S4R_HH_day_in_mov,camera_long_range,93,93_1668772562.391299248.png
1372,img_1372_train.png,images/train/img_1372_train.png,train,3088,2064,OSDaR26_S4R,03_S4R_HH_day_out_mov,camera_long_range,48,48_1669105195.652168512.png
1373,img_1373_train.png,images/train/img_1373_train.png,train,3088,2064,OSDaR26_S4R,03_S4R_HH_day_out_mov,camera_long_range,39,39_1669105204.565212011.png
1374,img_1374_train.png,images/train/img_1374_train.png,train,3088,2064,OSDaR26_S4R,03_S4R_HH_day_out_mov,camera_long_range,90,90_1669105215.652168512.png
1375,img_1375_train.png,images/train/img_1375_train.png,train,3088,2064,OSDaR26_S4R,14_S4R_HH_day_in_mov,camera_long_range,40,40_1669108888.715254307.png
1376,img_1376_train.png,images/train/img_1376_train.png,train,3088,2064,OSDaR26_S4R,14_S4R_HH_day_in_mov,camera_long_range,60,60_1669108893.063080311.png
1377,img_1377_train.png,images/train/img_1377_train.png,train,3088,2064,OSDaR26_S4R,12_S4R_HH_day_out_mov,camera_long_range,17,17_1669109775.019600630.png
1378,img_1378_train.png,images/train/img_1378_train.png,train,3088,2064,OSDaR26_S4R,12_S4R_HH_day_out_mov,camera_long_range,74,74_1669109787.628296375.png
1379,img_1379_train.png,images/train/img_1379_train.png,train,3088,2064,OSDaR26_S4R,06_S4R_HH_day_out_mov,camera_long_range,0,00_1669109900.236991882.png
1380,img_1380_train.png,images/train/img_1380_train.png,train,3088,2064,OSDaR26_S4R,06_S4R_HH_day_out_mov,camera_long_range,26,26_1669109905.889165640.png
1381,img_1381_train.png,images/train/img_1381_train.png,train,3088,2064,OSDaR26_S4R,06_S4R_HH_day_out_mov,camera_long_range,45,45_1669109910.019600391.png
1382,img_1382_train.png,images/train/img_1382_train.png,train,3088,2064,OSDaR26_S4R,06_S4R_HH_day_out_mov,camera_long_range,67,67_1669109914.802209139.png
1383,img_1383_train.png,images/train/img_1383_train.png,train,3088,2064,OSDaR26_S4R,05_S4R_HH_day_out_mov,camera_long_range,0,00_1669110216.976121664.png
1384,img_1384_train.png,images/train/img_1384_train.png,train,3088,2064,OSDaR26_S4R,05_S4R_HH_day_out_mov,camera_long_range,42,42_1669110226.106556416.png
1385,img_1385_train.png,images/train/img_1385_train.png,train,3088,2064,OSDaR26_S4R,05_S4R_HH_day_out_mov,camera_long_range,91,91_1669110236.758730412.png
1386,img_1386_train.png,images/train/img_1386_train.png,train,3088,2064,OSDaR26_S4R,13_S4R_HH_day_out_mov,camera_long_range,0,00_1669110683.063077450.png
1387,img_1387_train.png,images/train/img_1387_train.png,train,3088,2064,OSDaR26_S4R,13_S4R_HH_day_out_mov,camera_long_range,40,40_1669110691.758729696.png
1388,img_1388_train.png,images/train/img_1388_train.png,train,3088,2064,OSDaR26_S4R,13_S4R_HH_day_out_mov,camera_long_range,25,25_1669110701.541338444.png
1389,img_1389_train.png,images/train/img_1389_train.png,train,3088,2064,OSDaR26_S4R,13_S4R_HH_day_out_mov,camera_long_range,60,60_1669110709.150033951.png
1390,img_1390_train.png,images/train/img_1390_train.png,train,3088,2064,OSDaR26_S4R,13_S4R_HH_day_out_mov,camera_long_range,76,76_1669110712.628294945.png
1391,img_1391_train.png,images/train/img_1391_train.png,train,3088,2064,OSDaR26_S4R,01_S4R_HH_day_out_mov,camera_long_range,103,103_1669111237.410902739.png
1392,img_1392_train.png,images/train/img_1392_train.png,train,3088,2064,OSDaR26_S4R,10_S4R_HH_day_out_mov,camera_long_range,0,00_1669117521.956514597.png
1393,img_1393_train.png,images/train/img_1393_train.png,train,3088,2064,OSDaR26_S4R,10_S4R_HH_day_out_mov,camera_long_range,53,53_1669117533.478253841.png
1394,img_1394_train.png,images/train/img_1394_train.png,train,3088,2064,OSDaR26_S4R,04_S4R_HH_day_out_mov,camera_long_range,0,00_1669118131.956513643.png
1395,img_1395_train.png,images/train/img_1395_train.png,train,3088,2064,OSDaR26_S4R,04_S4R_HH_day_out_mov,camera_long_range,94,94_1669118152.391296148.png
1396,img_1396_train.png,images/train/img_1396_train.png,train,3088,2064,OSDaR26_S4R,15_S4R_HH_day_in_mov,camera_long_range,26,26_1669190285.652169704.png
1397,img_1397_train.png,images/train/img_1397_train.png,train,3088,2064,OSDaR26_S4R,15_S4R_HH_day_in_mov,camera_long_range,54,54_1669190291.739126205.png
1398,img_1398_train.png,images/train/img_1398_train.png,train,3088,2064,OSDaR26_S4R,15_S4R_HH_day_in_mov,camera_long_range,74,74_1669190296.086952209.png
1399,img_1399_train.png,images/train/img_1399_train.png,train,3088,2064,OSDaR26_S4R,11_S4R_HH_day_out_mov,camera_long_range,0,00_1669191751.956515074.png
1400,img_1400_train.png,images/train/img_1400_train.png,train,3088,2064,OSDaR26_S4R,11_S4R_HH_day_out_mov,camera_long_range,67,67_1669191766.521732330.png
1401,img_1401_train.png,images/train/img_1401_train.png,train,3088,2064,OSDaR26_S4R,07_S4R_HH_day_out_mov,camera_long_range,0,00_1669199754.999998331.png
1402,img_1402_train.png,images/train/img_1402_train.png,train,3088,2064,OSDaR26_S4R,07_S4R_HH_day_out_mov,camera_long_range,53,53_1669199766.521737337.png
1403,img_1403_train.png,images/train/img_1403_train.png,train,3088,2064,OSDaR26_S4R,08_S4R_HH_day_out_mov,camera_long_range,29,29_1669199793.695650339.png
1404,img_1404_train.png,images/train/img_1404_train.png,train,3088,2064,OSDaR26_S4R,08_S4R_HH_day_out_mov,camera_long_range,74,74_1669199803.478259087.png
1405,img_1405_train.png,images/train/img_1405_train.png,train,3840,2160,Rheine_Berlin,scene_01,center,0,DJI_20250809124613_0001_D_frame_0000.png
1406,img_1406_train.png,images/train/img_1406_train.png,train,3840,2160,Rheine_Berlin,scene_01,center,8,DJI_20250809124613_0001_D_frame_0008.png
1407,img_1407_train.png,images/train/img_1407_train.png,train,3840,2160,Rheine_Berlin,scene_01,center,17,DJI_20250809124613_0001_D_frame_0017.png
1408,img_1408_train.png,images/train/img_1408_train.png,train,3840,2160,Rheine_Berlin,scene_01,center,28,DJI_20250809124613_0001_D_frame_0028.png
1409,img_1409_train.png,images/train/img_1409_train.png,train,3840,2160,Rheine_Berlin,scene_01,center,38,DJI_20250809124613_0001_D_frame_0038.png
1410,img_1410_train.png,images/train/img_1410_train.png,train,3840,2160,Rheine_Berlin,scene_01,center,44,DJI_20250809124613_0001_D_frame_0044.png
1411,img_1411_train.png,images/train/img_1411_train.png,train,3840,2160,Rheine_Berlin,scene_01,center,61,DJI_20250809124613_0001_D_frame_0061.png
1412,img_1412_train.png,images/train/img_1412_train.png,train,3840,2160,Rheine_Berlin,scene_01,center,66,DJI_20250809124613_0001_D_frame_0066.png
1413,img_1413_train.png,images/train/img_1413_train.png,train,3840,2160,Rheine_Berlin,scene_01,center,71,DJI_20250809124613_0001_D_frame_0071.png
1414,img_1414_train.png,images/train/img_1414_train.png,train,3840,2160,Rheine_Berlin,scene_01,center,78,DJI_20250809124613_0001_D_frame_0078.png
1415,img_1415_train.png,images/train/img_1415_train.png,train,3840,2160,Rheine_Berlin,scene_01,center,80,DJI_20250809124613_0001_D_frame_0080.png
1416,img_1416_train.png,images/train/img_1416_train.png,train,3840,2160,Rheine_Berlin,scene_01,center,93,DJI_20250809124613_0001_D_frame_0093.png
1417,img_1417_train.png,images/train/img_1417_train.png,train,3840,2160,Rheine_Berlin,scene_01,center,95,DJI_20250809124613_0001_D_frame_0095.png
1418,img_1418_train.png,images/train/img_1418_train.png,train,3840,2160,Rheine_Berlin,scene_01,center,97,DJI_20250809124613_0001_D_frame_0097.png
1419,img_1419_train.png,images/train/img_1419_train.png,train,3840,2160,Rheine_Berlin,scene_01,center,100,DJI_20250809124613_0001_D_frame_0100.png
1420,img_1420_train.png,images/train/img_1420_train.png,train,3840,2160,Rheine_Berlin,scene_01,center,104,DJI_20250809124613_0001_D_frame_0104.png
1421,img_1421_train.png,images/train/img_1421_train.png,train,3840,2160,Rheine_Berlin,scene_01,center,107,DJI_20250809124613_0001_D_frame_0107.png
1422,img_1422_train.png,images/train/img_1422_train.png,train,3840,2160,Rheine_Berlin,scene_01,center,115,DJI_20250809124613_0001_D_frame_0115.png
1423,img_1423_train.png,images/train/img_1423_train.png,train,3840,2160,Rheine_Berlin,scene_01,center,119,DJI_20250809124613_0001_D_frame_0119.png
1424,img_1424_train.png,images/train/img_1424_train.png,train,3840,2160,Rheine_Berlin,scene_01,center,129,DJI_20250809124613_0001_D_frame_0129.png
1425,img_1425_train.png,images/train/img_1425_train.png,train,3840,2160,Rheine_Berlin,scene_01,center,140,DJI_20250809124613_0001_D_frame_0140.png
1426,img_1426_train.png,images/train/img_1426_train.png,train,3840,2160,Rheine_Berlin,scene_01,center,142,DJI_20250809124613_0001_D_frame_0142.png
1427,img_1427_train.png,images/train/img_1427_train.png,train,3840,2160,Rheine_Berlin,scene_01,center,151,DJI_20250809124613_0001_D_frame_0151.png
1428,img_1428_train.png,images/train/img_1428_train.png,train,3840,2160,Rheine_Berlin,scene_01,center,157,DJI_20250809124613_0001_D_frame_0157.png
1429,img_1429_train.png,images/train/img_1429_train.png,train,3840,2160,Rheine_Berlin,scene_01,center,178,DJI_20250809124613_0001_D_frame_0178.png
1430,img_1430_train.png,images/train/img_1430_train.png,train,3840,2160,Rheine_Berlin,scene_01,center,186,DJI_20250809124613_0001_D_frame_0186.png
1431,img_1431_train.png,images/train/img_1431_train.png,train,3840,2160,Rheine_Berlin,scene_01,center,191,DJI_20250809124613_0001_D_frame_0191.png
1432,img_1432_train.png,images/train/img_1432_train.png,train,3840,2160,Rheine_Berlin,scene_01,center,195,DJI_20250809124613_0001_D_frame_0195.png
1433,img_1433_train.png,images/train/img_1433_train.png,train,3840,2160,Rheine_Berlin,scene_01,center,205,DJI_20250809124613_0001_D_frame_0205.png
1434,img_1434_train.png,images/train/img_1434_train.png,train,3840,2160,Rheine_Berlin,scene_01,center,209,DJI_20250809124613_0001_D_frame_0209.png
1435,img_1435_train.png,images/train/img_1435_train.png,train,3840,2160,Rheine_Berlin,scene_01,center,213,DJI_20250809124613_0001_D_frame_0213.png
1436,img_1436_train.png,images/train/img_1436_train.png,train,3840,2160,Rheine_Berlin,scene_01,center,215,DJI_20250809124613_0001_D_frame_0215.png
1437,img_1437_train.png,images/train/img_1437_train.png,train,3840,2160,Rheine_Berlin,scene_01,center,225,DJI_20250809124613_0001_D_frame_0225.png
1438,img_1438_train.png,images/train/img_1438_train.png,train,3840,2160,Rheine_Berlin,scene_01,center,236,DJI_20250809124613_0001_D_frame_0236.png
1439,img_1439_train.png,images/train/img_1439_train.png,train,3840,2160,Rheine_Berlin,scene_01,center,251,DJI_20250809124613_0001_D_frame_0251.png
1440,img_1440_train.png,images/train/img_1440_train.png,train,3840,2160,Rheine_Berlin,scene_01,center,266,DJI_20250809124613_0001_D_frame_0266.png
1441,img_1441_train.png,images/train/img_1441_train.png,train,3840,2160,Rheine_Berlin,scene_01,center,273,DJI_20250809124613_0001_D_frame_0273.png
1442,img_1442_train.png,images/train/img_1442_train.png,train,3840,2160,Rheine_Berlin,scene_01,center,287,DJI_20250809124613_0001_D_frame_0287.png
1443,img_1443_train.png,images/train/img_1443_train.png,train,3840,2160,Rheine_Berlin,scene_01,center,289,DJI_20250809124613_0001_D_frame_0289.png
1444,img_1444_train.png,images/train/img_1444_train.png,train,3840,2160,Rheine_Berlin,scene_01,center,291,DJI_20250809124613_0001_D_frame_0291.png
1445,img_1445_train.png,images/train/img_1445_train.png,train,3840,2160,Rheine_Berlin,scene_01,center,293,DJI_20250809124613_0001_D_frame_0293.png
1446,img_1446_train.png,images/train/img_1446_train.png,train,3840,2160,Rheine_Berlin,scene_01,center,295,DJI_20250809124613_0001_D_frame_0295.png
1447,img_1447_train.png,images/train/img_1447_train.png,train,3840,2160,Rheine_Berlin,scene_01,center,298,DJI_20250809124613_0001_D_frame_0298.png
1448,img_1448_train.png,images/train/img_1448_train.png,train,3840,2160,Rheine_Berlin,scene_01,center,301,DJI_20250809124613_0001_D_frame_0301.png
1449,img_1449_train.png,images/train/img_1449_train.png,train,3840,2160,Rheine_Berlin,scene_01,center,493,DJI_20250809124613_0001_D_frame_0493.png
1450,img_1450_train.png,images/train/img_1450_train.png,train,5472,3648,S4R,25-09-16–2022-11-23_11-54-59,center,16,frame_066.png
1451,img_1451_train.png,images/train/img_1451_train.png,train,5472,3648,S4R,25-09-16–2022-11-23_11-54-59,center,44,frame_067.png
1452,img_1452_train.png,images/train/img_1452_train.png,train,5472,3648,S4R,25-09-16–2022-11-23_11-54-59,center,64,frame_068.png
1453,img_1453_train.png,images/train/img_1453_train.png,train,5472,3648,S4R,25-09-16–2022-11-23_11-54-59,center,88,frame_069.png
1454,img_1454_train.png,images/train/img_1454_train.png,train,5472,3648,S4R,25-09-16–2022-11-23_11-54-59,center,112,frame_070.png
1455,img_1455_train.png,images/train/img_1455_train.png,train,5472,3648,S4R,25-09-16–2022-11-23_11-54-59,center,124,frame_071.png
1456,img_1456_train.png,images/train/img_1456_train.png,train,5472,3648,S4R,25-09-16–2022-11-23_11-54-59,center,131,frame_072.png
1457,img_1457_train.png,images/train/img_1457_train.png,train,5472,3648,S4R,25-09-16–2023-01-25_07-42-12,center,0,frame_073.png
1458,img_1458_train.png,images/train/img_1458_train.png,train,5472,3648,S4R,25-09-16–2023-01-25_07-42-12,center,18,frame_074.png
1459,img_1459_train.png,images/train/img_1459_train.png,train,5472,3648,S4R,25-09-16–2023-01-25_07-42-12,center,19,frame_075.png
1460,img_1460_train.png,images/train/img_1460_train.png,train,5472,3648,S4R,25-09-16–2023-01-25_07-42-12,center,20,frame_076.png
1461,img_1461_train.png,images/train/img_1461_train.png,train,5472,3648,S4R,25-09-16–2023-01-25_07-42-12,center,25,frame_077.png
1462,img_1462_train.png,images/train/img_1462_train.png,train,5472,3648,S4R,25-09-16–2023-01-25_07-42-12,center,36,frame_078.png
1463,img_1463_train.png,images/train/img_1463_train.png,train,5472,3648,S4R,25-09-16–2023-01-25_07-42-12,center,71,frame_079.png
1464,img_1464_train.png,images/train/img_1464_train.png,train,5472,3648,S4R,25-09-16–2023-02-01_22-55-45,center,39,frame_080.png
1465,img_1465_train.png,images/train/img_1465_train.png,train,5472,3648,S4R,25-09-16–2023-02-01_22-55-45,center,47,frame_081.png
1466,img_1466_train.png,images/train/img_1466_train.png,train,5472,3648,S4R,25-09-16–2023-02-01_22-55-45,center,53,frame_082.png
1467,img_1467_train.png,images/train/img_1467_train.png,train,5472,3648,S4R,25-09-16–2023-03-14_11-38-53,center,86,frame_107.png
1468,img_1468_train.png,images/train/img_1468_train.png,train,1920,1080,Schelklingen_Gammertingen,scene_01,center,68,frame_0068.png
1469,img_1469_train.png,images/train/img_1469_train.png,train,1920,1080,Schelklingen_Gammertingen,scene_01,center,181,frame_0181.png
1470,img_1470_train.png,images/train/img_1470_train.png,train,1920,1080,Schelklingen_Gammertingen,scene_01,center,257,frame_0257.png
1471,img_1471_train.png,images/train/img_1471_train.png,train,1920,1080,Schelklingen_Gammertingen,scene_01,center,527,frame_0527.png
1472,img_1472_train.png,images/train/img_1472_train.png,train,1920,1080,Schelklingen_Gammertingen,scene_01,center,562,frame_0562.png
1473,img_1473_train.png,images/train/img_1473_train.png,train,1920,1080,Schelklingen_Gammertingen,scene_01,center,693,frame_0693.png
1474,img_1474_train.png,images/train/img_1474_train.png,train,1920,1080,Schelklingen_Gammertingen,scene_01,center,708,frame_0708.png
1475,img_1475_train.png,images/train/img_1475_train.png,train,1920,1080,Schelklingen_Gammertingen,scene_01,center,1577,frame_1577.png
1476,img_1476_train.png,images/train/img_1476_train.png,train,1920,1080,Schelklingen_Gammertingen,scene_01,center,2030,frame_2030.png
1477,img_1477_train.png,images/train/img_1477_train.png,train,1920,1080,Schelklingen_Gammertingen,scene_01,center,2066,frame_2066.png
1478,img_1478_train.png,images/train/img_1478_train.png,train,1920,1080,Schelklingen_Gammertingen,scene_01,center,2086,frame_2086.png
1479,img_1479_train.png,images/train/img_1479_train.png,train,1920,1080,Schelklingen_Gammertingen,scene_01,center,2089,frame_2089.png
1480,img_1480_train.png,images/train/img_1480_train.png,train,1920,1080,Schelklingen_Gammertingen,scene_01,center,2177,frame_2177.png
1481,img_1481_train.png,images/train/img_1481_train.png,train,1920,1080,Schelklingen_Gammertingen,scene_01,center,2190,frame_2190.png
1482,img_1482_train.png,images/train/img_1482_train.png,train,1920,1080,Schelklingen_Gammertingen,scene_01,center,2312,frame_2312.png
1483,img_1483_train.png,images/train/img_1483_train.png,train,1920,1080,Schelklingen_Gammertingen,scene_01,center,2354,frame_2354.png
1484,img_1484_train.png,images/train/img_1484_train.png,train,1920,1080,Schelklingen_Gammertingen,scene_01,center,2358,frame_2358.png
1485,img_1485_train.png,images/train/img_1485_train.png,train,1920,1080,Schelklingen_Gammertingen,scene_01,center,2386,frame_2386.png
1486,img_1486_train.png,images/train/img_1486_train.png,train,1920,1080,Schelklingen_Gammertingen,scene_01,center,2706,frame_2706.png
1487,img_1487_train.png,images/train/img_1487_train.png,train,1920,1080,Schelklingen_Gammertingen,scene_01,center,2940,frame_2940.png
1488,img_1488_train.png,images/train/img_1488_train.png,train,1920,1080,Schelklingen_Gammertingen,scene_01,center,2965,frame_2965.png
1489,img_1489_train.png,images/train/img_1489_train.png,train,1920,1080,Schelklingen_Gammertingen,scene_01,center,3117,frame_3117.png
1490,img_1490_train.png,images/train/img_1490_train.png,train,1920,1080,Schelklingen_Gammertingen,scene_01,center,3133,frame_3133.png
1491,img_1491_train.png,images/train/img_1491_train.png,train,1920,1080,Schelklingen_Gammertingen,scene_01,center,3154,frame_3154.png
1492,img_1492_train.png,images/train/img_1492_train.png,train,1920,1080,Schelklingen_Gammertingen,scene_01,center,3192,frame_3192.png
1493,img_1493_train.png,images/train/img_1493_train.png,train,1920,1080,Schelklingen_Gammertingen,scene_01,center,3236,frame_3236.png
1494,img_1494_train.png,images/train/img_1494_train.png,train,1920,1080,Schelklingen_Gammertingen,scene_01,center,3634,frame_3634.png
1495,img_1495_train.png,images/train/img_1495_train.png,train,1920,1080,Schelklingen_Gammertingen,scene_01,center,3740,frame_3740.png
1496,img_1496_train.png,images/train/img_1496_train.png,train,1920,1080,Schelklingen_Gammertingen,scene_01,center,4067,frame_4067.png
1497,img_1497_train.png,images/train/img_1497_train.png,train,1920,1080,Schelklingen_Gammertingen,scene_01,center,4426,frame_4426.png
1498,img_1498_train.png,images/train/img_1498_train.png,train,1920,1080,Schelklingen_Gammertingen,scene_01,center,4685,frame_4685.png
1499,img_1499_train.png,images/train/img_1499_train.png,train,1920,1080,Schelklingen_Gammertingen,scene_01,center,4769,frame_4769.png
1500,img_1500_train.png,images/train/img_1500_train.png,train,1920,1080,Schelklingen_Gammertingen,scene_01,center,4940,frame_4940.png
1501,img_1501_val.png,images/val/img_1501_val.png,val,4112,2504,GAF,25-09-23–2021-12-01_11-09-22,center,0,frame_190.png
1502,img_1502_val.png,images/val/img_1502_val.png,val,4112,2504,GAF,25-09-23–2021-12-01_11-09-22,center,4,frame_191.png
1503,img_1503_val.png,images/val/img_1503_val.png,val,4112,2504,GAF,25-09-23–2021-12-01_11-09-22,center,9,frame_192.png
1504,img_1504_val.png,images/val/img_1504_val.png,val,4112,2504,GAF,25-09-23–2021-12-01_11-09-22,center,12,frame_193.png
1505,img_1505_val.png,images/val/img_1505_val.png,val,4112,2504,GAF,25-09-23–2021-12-01_11-09-22,center,22,frame_194.png
1506,img_1506_val.png,images/val/img_1506_val.png,val,4112,2504,GAF,25-09-23–2021-12-01_11-09-22,center,27,frame_195.png
1507,img_1507_val.png,images/val/img_1507_val.png,val,4112,2504,GAF,25-09-23–2021-12-01_11-09-22,center,32,frame_196.png
1508,img_1508_val.png,images/val/img_1508_val.png,val,4112,2504,GAF,25-09-23–2021-12-01_11-09-22,center,36,frame_197.png
1509,img_1509_val.png,images/val/img_1509_val.png,val,4112,2504,GAF,25-09-23–2021-12-01_11-09-22,center,47,frame_198.png
1510,img_1510_val.png,images/val/img_1510_val.png,val,4112,2504,GAF,25-09-23–2021-12-01_11-09-22,center,52,frame_199.png
1511,img_1511_val.png,images/val/img_1511_val.png,val,4112,2504,GAF,25-09-23–2021-12-01_11-09-22,center,58,frame_200.png
1512,img_1512_val.png,images/val/img_1512_val.png,val,4112,2504,GAF,25-09-23–2021-12-01_11-09-22,center,64,frame_201.png
1513,img_1513_val.png,images/val/img_1513_val.png,val,4112,2504,GAF,25-09-23–2021-12-01_11-09-22,center,76,frame_202.png
1514,img_1514_val.png,images/val/img_1514_val.png,val,4112,2504,GAF,25-09-23–2021-12-01_11-09-22,center,79,frame_203.png
1515,img_1515_val.png,images/val/img_1515_val.png,val,4112,2504,GAF,25-09-23–2021-12-01_11-09-22,center,94,frame_204.png
1516,img_1516_val.png,images/val/img_1516_val.png,val,3840,2160,Hamburg_Bremen,scene_01,center,0,IMG_0504_frame_0000.png
1517,img_1517_val.png,images/val/img_1517_val.png,val,3840,2160,Hamburg_Bremen,scene_01,center,49,IMG_0504_frame_0049.png
1518,img_1518_val.png,images/val/img_1518_val.png,val,3840,2160,Hamburg_Bremen,scene_01,center,108,IMG_0504_frame_0108.png
1519,img_1519_val.png,images/val/img_1519_val.png,val,3840,2160,Hamburg_Bremen,scene_01,center,156,IMG_0504_frame_0156.png
1520,img_1520_val.png,images/val/img_1520_val.png,val,3840,2160,Hamburg_Bremen,scene_01,center,185,IMG_0504_frame_0185.png
1521,img_1521_val.png,images/val/img_1521_val.png,val,3840,2160,Hamburg_Bremen,scene_01,center,209,IMG_0504_frame_0209.png
1522,img_1522_val.png,images/val/img_1522_val.png,val,3840,2160,Hamburg_Bremen,scene_01,center,223,IMG_0504_frame_0223.png
1523,img_1523_val.png,images/val/img_1523_val.png,val,3840,2160,Hamburg_Bremen,scene_01,center,241,IMG_0504_frame_0241.png
1524,img_1524_val.png,images/val/img_1524_val.png,val,3840,2160,Hamburg_Bremen,scene_01,center,278,IMG_0504_frame_0278.png
1525,img_1525_val.png,images/val/img_1525_val.png,val,3840,2160,Hamburg_Bremen,scene_01,center,288,IMG_0504_frame_0288.png
1526,img_1526_val.png,images/val/img_1526_val.png,val,3840,2160,Hamburg_Bremen,scene_01,center,306,IMG_0504_frame_0306.png
1527,img_1527_val.png,images/val/img_1527_val.png,val,3840,2160,Hamburg_Bremen,scene_01,center,332,IMG_0504_frame_0332.png
1528,img_1528_val.png,images/val/img_1528_val.png,val,3840,2160,Hamburg_Bremen,scene_01,center,340,IMG_0504_frame_0340.png
1529,img_1529_val.png,images/val/img_1529_val.png,val,3840,2160,Hamburg_Bremen,scene_01,center,347,IMG_0504_frame_0347.png
1530,img_1530_val.png,images/val/img_1530_val.png,val,3840,2160,Hamburg_Bremen,scene_01,center,356,IMG_0504_frame_0356.png
1531,img_1531_val.png,images/val/img_1531_val.png,val,3840,2160,Hamburg_Bremen,scene_01,center,368,IMG_0504_frame_0368.png
1532,img_1532_val.png,images/val/img_1532_val.png,val,3840,2160,Hamburg_Bremen,scene_01,center,376,IMG_0504_frame_0376.png
1533,img_1533_val.png,images/val/img_1533_val.png,val,3840,2160,Hamburg_Bremen,scene_01,center,387,IMG_0504_frame_0387.png
1534,img_1534_val.png,images/val/img_1534_val.png,val,3840,2160,Hamburg_Bremen,scene_01,center,399,IMG_0504_frame_0399.png
1535,img_1535_val.png,images/val/img_1535_val.png,val,3840,2160,Hamburg_Bremen,scene_01,center,438,IMG_0504_frame_0438.png
1536,img_1536_val.png,images/val/img_1536_val.png,val,3840,2160,Hamburg_Bremen,scene_01,center,477,IMG_0504_frame_0477.png
1537,img_1537_val.png,images/val/img_1537_val.png,val,3840,2160,Hamburg_Bremen,scene_01,center,488,IMG_0504_frame_0488.png
1538,img_1538_val.png,images/val/img_1538_val.png,val,3840,2160,Hamburg_Bremen,scene_01,center,494,IMG_0504_frame_0494.png
1539,img_1539_val.png,images/val/img_1539_val.png,val,3840,2160,Hamburg_Bremen,scene_01,center,510,IMG_0504_frame_0510.png
1540,img_1540_val.png,images/val/img_1540_val.png,val,3840,2160,Hamburg_Bremen,scene_01,center,675,IMG_0504_frame_0675.png
1541,img_1541_val.png,images/val/img_1541_val.png,val,3840,2160,Hamburg_Bremen,scene_01,center,689,IMG_0504_frame_0689.png
1542,img_1542_val.png,images/val/img_1542_val.png,val,3840,2160,Hamburg_Bremen,scene_01,center,692,IMG_0504_frame_0692.png
1543,img_1543_val.png,images/val/img_1543_val.png,val,3840,2160,Hamburg_Bremen,scene_01,center,712,IMG_0504_frame_0712.png
1544,img_1544_val.png,images/val/img_1544_val.png,val,3840,2160,Hamburg_Bremen,scene_01,center,727,IMG_0504_frame_0727.png
1545,img_1545_val.png,images/val/img_1545_val.png,val,3840,2160,Hamburg_Bremen,scene_01,center,730,IMG_0504_frame_0730.png
1546,img_1546_val.png,images/val/img_1546_val.png,val,3840,2160,Hamburg_Bremen,scene_01,center,737,IMG_0504_frame_0737.png
1547,img_1547_val.png,images/val/img_1547_val.png,val,3840,2160,Hamburg_Bremen,scene_01,center,775,IMG_0504_frame_0775.png
1548,img_1548_val.png,images/val/img_1548_val.png,val,3840,2160,Hamburg_Bremen,scene_01,center,790,IMG_0504_frame_0790.png
1549,img_1549_val.png,images/val/img_1549_val.png,val,3840,2160,Hamburg_Bremen,scene_01,center,796,IMG_0504_frame_0796.png
1550,img_1550_val.png,images/val/img_1550_val.png,val,3840,2160,Hamburg_Bremen,scene_01,center,799,IMG_0504_frame_0799.png
1551,img_1551_val.png,images/val/img_1551_val.png,val,3840,2160,Hamburg_Bremen,scene_01,center,804,IMG_0504_frame_0804.png
1552,img_1552_val.png,images/val/img_1552_val.png,val,3840,2160,Hamburg_Bremen,scene_01,center,833,IMG_0504_frame_0833.png
1553,img_1553_val.png,images/val/img_1553_val.png,val,3840,2160,Hamburg_Bremen,scene_01,center,850,IMG_0504_frame_0850.png
1554,img_1554_val.png,images/val/img_1554_val.png,val,3840,2160,Hamburg_Bremen,scene_01,center,856,IMG_0504_frame_0856.png
1555,img_1555_val.png,images/val/img_1555_val.png,val,3840,2160,Hamburg_Bremen,scene_01,center,862,IMG_0504_frame_0862.png
1556,img_1556_val.png,images/val/img_1556_val.png,val,3840,2160,Hamburg_Bremen,scene_01,center,882,IMG_0504_frame_0882.png
1557,img_1557_val.png,images/val/img_1557_val.png,val,3840,2160,Hamburg_Bremen,scene_01,center,899,IMG_0504_frame_0899.png
1558,img_1558_val.png,images/val/img_1558_val.png,val,3840,2160,Hamburg_Bremen,scene_01,center,902,IMG_0504_frame_0902.png
1559,img_1559_val.png,images/val/img_1559_val.png,val,3840,2160,Hamburg_Bremen,scene_01,center,920,IMG_0504_frame_0920.png
1560,img_1560_val.png,images/val/img_1560_val.png,val,3840,2160,Hamburg_Bremen,scene_01,center,964,IMG_0504_frame_0964.png
1561,img_1561_val.png,images/val/img_1561_val.png,val,3840,2160,Hamburg_Bremen,scene_01,center,1035,IMG_0504_frame_1035.png
1562,img_1562_val.png,images/val/img_1562_val.png,val,3840,2160,Hamburg_Bremen,scene_01,center,1085,IMG_0504_frame_1085.png
1563,img_1563_val.png,images/val/img_1563_val.png,val,3840,2160,Hamburg_Bremen,scene_01,center,1092,IMG_0504_frame_1092.png
1564,img_1564_val.png,images/val/img_1564_val.png,val,3840,2160,Hamburg_Bremen,scene_01,center,1269,IMG_0504_frame_1269.png
1565,img_1565_val.png,images/val/img_1565_val.png,val,3840,2160,Hamburg_Bremen,scene_01,center,1273,IMG_0504_frame_1273.png
1566,img_1566_val.png,images/val/img_1566_val.png,val,3840,2160,Hamburg_Bremen,scene_01,center,1275,IMG_0504_frame_1275.png
1567,img_1567_val.png,images/val/img_1567_val.png,val,3840,2160,Hamburg_Bremen,scene_01,center,1371,IMG_0504_frame_1371.png
1568,img_1568_val.png,images/val/img_1568_val.png,val,3840,2160,Hamburg_Bremen,scene_01,center,1377,IMG_0504_frame_1377.png
1569,img_1569_val.png,images/val/img_1569_val.png,val,3840,2160,Hamburg_Bremen,scene_01,center,1382,IMG_0504_frame_1382.png
1570,img_1570_val.png,images/val/img_1570_val.png,val,3840,2160,Hamburg_Bremen,scene_01,center,1412,IMG_0504_frame_1412.png
1571,img_1571_val.png,images/val/img_1571_val.png,val,3840,2160,Hamburg_Bremen,scene_01,center,1424,IMG_0504_frame_1424.png
1572,img_1572_val.png,images/val/img_1572_val.png,val,3840,2160,Hamburg_Bremen,scene_01,center,1467,IMG_0504_frame_1467.png
1573,img_1573_val.png,images/val/img_1573_val.png,val,3840,2160,Hamburg_Bremen,scene_01,center,1719,IMG_0504_frame_1719.png
1574,img_1574_val.png,images/val/img_1574_val.png,val,3840,2160,Hamburg_Bremen,scene_02,center,47,IMG_0505_frame_0047.png
1575,img_1575_val.png,images/val/img_1575_val.png,val,3840,2160,Hamburg_Bremen,scene_02,center,86,IMG_0505_frame_0086.png
1576,img_1576_val.png,images/val/img_1576_val.png,val,3840,2160,Hamburg_Bremen,scene_02,center,130,IMG_0505_frame_0130.png
1577,img_1577_val.png,images/val/img_1577_val.png,val,3840,2160,Hamburg_Bremen,scene_02,center,146,IMG_0505_frame_0146.png
1578,img_1578_val.png,images/val/img_1578_val.png,val,3840,2160,Hamburg_Bremen,scene_02,center,148,IMG_0505_frame_0148.png
1579,img_1579_val.png,images/val/img_1579_val.png,val,3840,2160,Hamburg_Bremen,scene_02,center,153,IMG_0505_frame_0153.png
1580,img_1580_val.png,images/val/img_1580_val.png,val,3840,2160,Hamburg_Bremen,scene_02,center,213,IMG_0505_frame_0213.png
1581,img_1581_val.png,images/val/img_1581_val.png,val,3840,2160,Hamburg_Bremen,scene_02,center,216,IMG_0505_frame_0216.png
1582,img_1582_val.png,images/val/img_1582_val.png,val,3840,2160,Hamburg_Bremen,scene_02,center,218,IMG_0505_frame_0218.png
1583,img_1583_val.png,images/val/img_1583_val.png,val,3840,2160,Hamburg_Bremen,scene_02,center,239,IMG_0505_frame_0239.png
1584,img_1584_val.png,images/val/img_1584_val.png,val,3840,2160,Hamburg_Bremen,scene_02,center,328,IMG_0505_frame_0328.png
1585,img_1585_val.png,images/val/img_1585_val.png,val,3840,2160,Hamburg_Bremen,scene_02,center,331,IMG_0505_frame_0331.png
1586,img_1586_val.png,images/val/img_1586_val.png,val,3840,2160,Hamburg_Bremen,scene_02,center,360,IMG_0505_frame_0360.png
1587,img_1587_val.png,images/val/img_1587_val.png,val,3840,2160,Hamburg_Bremen,scene_02,center,385,IMG_0505_frame_0385.png
1588,img_1588_val.png,images/val/img_1588_val.png,val,3840,2160,Hamburg_Bremen,scene_02,center,395,IMG_0505_frame_0395.png
1589,img_1589_val.png,images/val/img_1589_val.png,val,3840,2160,Hamburg_Bremen,scene_02,center,456,IMG_0505_frame_0456.png
1590,img_1590_val.png,images/val/img_1590_val.png,val,3840,2160,Hamburg_Bremen,scene_02,center,458,IMG_0505_frame_0458.png
1591,img_1591_val.png,images/val/img_1591_val.png,val,3840,2160,Hamburg_Bremen,scene_02,center,582,IMG_0505_frame_0582.png
1592,img_1592_val.png,images/val/img_1592_val.png,val,3840,2160,Hamburg_Bremen,scene_02,center,653,IMG_0505_frame_0653.png
1593,img_1593_val.png,images/val/img_1593_val.png,val,3840,2160,Hamburg_Bremen,scene_02,center,689,IMG_0505_frame_0689.png
1594,img_1594_val.png,images/val/img_1594_val.png,val,3840,2160,Hamburg_Bremen,scene_02,center,701,IMG_0505_frame_0701.png
1595,img_1595_val.png,images/val/img_1595_val.png,val,3840,2160,Hamburg_Bremen,scene_02,center,734,IMG_0505_frame_0734.png
1596,img_1596_val.png,images/val/img_1596_val.png,val,3840,2160,Hamburg_Bremen,scene_02,center,901,IMG_0505_frame_0901.png
1597,img_1597_val.png,images/val/img_1597_val.png,val,3840,2160,Hamburg_Bremen,scene_02,center,912,IMG_0505_frame_0912.png
1598,img_1598_val.png,images/val/img_1598_val.png,val,3840,2160,Hamburg_Bremen,scene_02,center,941,IMG_0505_frame_0941.png
1599,img_1599_val.png,images/val/img_1599_val.png,val,3840,2160,Hamburg_Bremen,scene_02,center,977,IMG_0505_frame_0977.png
1600,img_1600_val.png,images/val/img_1600_val.png,val,3840,2160,Hamburg_Bremen,scene_02,center,980,IMG_0505_frame_0980.png
1601,img_1601_val.png,images/val/img_1601_val.png,val,3840,2160,Hamburg_Bremen,scene_02,center,1083,IMG_0505_frame_1083.png
1602,img_1602_val.png,images/val/img_1602_val.png,val,3840,2160,Hamburg_Bremen,scene_02,center,1087,IMG_0505_frame_1087.png
1603,img_1603_val.png,images/val/img_1603_val.png,val,3840,2160,Hamburg_Bremen,scene_02,center,1210,IMG_0505_frame_1210.png
1604,img_1604_val.png,images/val/img_1604_val.png,val,3840,2160,Hamburg_Bremen,scene_02,center,1213,IMG_0505_frame_1213.png
1605,img_1605_val.png,images/val/img_1605_val.png,val,3840,2160,Hamburg_Bremen,scene_02,center,1216,IMG_0505_frame_1216.png
1606,img_1606_val.png,images/val/img_1606_val.png,val,3840,2160,Hamburg_Bremen,scene_02,center,1219,IMG_0505_frame_1219.png
1607,img_1607_val.png,images/val/img_1607_val.png,val,3840,2160,Hamburg_Bremen,scene_02,center,1228,IMG_0505_frame_1228.png
1608,img_1608_val.png,images/val/img_1608_val.png,val,3840,2160,Hamburg_Bremen,scene_02,center,1298,IMG_0505_frame_1298.png
1609,img_1609_val.png,images/val/img_1609_val.png,val,3840,2160,Hamburg_Bremen,scene_02,center,1334,IMG_0505_frame_1334.png
1610,img_1610_val.png,images/val/img_1610_val.png,val,3840,2160,Hamburg_Bremen,scene_02,center,1423,IMG_0505_frame_1423.png
1611,img_1611_val.png,images/val/img_1611_val.png,val,3840,2160,Hamburg_Bremen,scene_02,center,1427,IMG_0505_frame_1427.png
1612,img_1612_val.png,images/val/img_1612_val.png,val,3840,2160,Hamburg_Bremen,scene_02,center,1431,IMG_0505_frame_1431.png
1613,img_1613_val.png,images/val/img_1613_val.png,val,3840,2160,Hamburg_Bremen,scene_02,center,1470,IMG_0505_frame_1470.png
1614,img_1614_val.png,images/val/img_1614_val.png,val,3840,2160,Hamburg_Bremen,scene_02,center,1581,IMG_0505_frame_1581.png
1615,img_1615_val.png,images/val/img_1615_val.png,val,3840,2160,Hamburg_Bremen,scene_02,center,1585,IMG_0505_frame_1585.png
1616,img_1616_val.png,images/val/img_1616_val.png,val,3840,2160,Hamburg_Bremen,scene_02,center,1609,IMG_0505_frame_1609.png
1617,img_1617_val.png,images/val/img_1617_val.png,val,3840,2160,Hamburg_Bremen,scene_02,center,1688,IMG_0505_frame_1688.png
1618,img_1618_val.png,images/val/img_1618_val.png,val,3840,2160,Hamburg_Bremen,scene_02,center,1801,IMG_0505_frame_1801.png
1619,img_1619_val.png,images/val/img_1619_val.png,val,3840,2160,Hamburg_Bremen,scene_02,center,1808,IMG_0505_frame_1808.png
1620,img_1620_val.png,images/val/img_1620_val.png,val,3840,2160,Hamburg_Bremen,scene_02,center,1821,IMG_0505_frame_1821.png
1621,img_1621_val.png,images/val/img_1621_val.png,val,3840,2160,Hamburg_Bremen,scene_03,center,46,IMG_0506_frame_0046.png
1622,img_1622_val.png,images/val/img_1622_val.png,val,3840,2160,Hamburg_Bremen,scene_03,center,70,IMG_0506_frame_0070.png
1623,img_1623_val.png,images/val/img_1623_val.png,val,3840,2160,Hamburg_Bremen,scene_04,center,2,IMG_0507_frame_0002.png
1624,img_1624_val.png,images/val/img_1624_val.png,val,3840,2160,Hamburg_Bremen,scene_04,center,128,IMG_0507_frame_0128.png
1625,img_1625_val.png,images/val/img_1625_val.png,val,3840,2160,Hamburg_Bremen,scene_04,center,141,IMG_0507_frame_0141.png
1626,img_1626_val.png,images/val/img_1626_val.png,val,3840,2160,Hamburg_Bremen,scene_04,center,154,IMG_0507_frame_0154.png
1627,img_1627_val.png,images/val/img_1627_val.png,val,3840,2160,Hamburg_Bremen,scene_04,center,179,IMG_0507_frame_0179.png
1628,img_1628_val.png,images/val/img_1628_val.png,val,3840,2160,Hamburg_Bremen,scene_05,center,657,IMG_0508_frame_0657.png
1629,img_1629_val.png,images/val/img_1629_val.png,val,3840,2160,Hamburg_Bremen,scene_05,center,703,IMG_0508_frame_0703.png
1630,img_1630_val.png,images/val/img_1630_val.png,val,3840,2160,Hamburg_Bremen,scene_05,center,939,IMG_0508_frame_0939.png
1631,img_1631_val.png,images/val/img_1631_val.png,val,3840,2160,Hamburg_Bremen,scene_05,center,2236,IMG_0508_frame_2236.png
1632,img_1632_val.png,images/val/img_1632_val.png,val,3840,2160,Hamburg_Bremen,scene_05,center,2279,IMG_0508_frame_2279.png
1633,img_1633_val.png,images/val/img_1633_val.png,val,3840,2160,Hamburg_Bremen,scene_06,center,190,IMG_0509_frame_0190.png
1634,img_1634_val.png,images/val/img_1634_val.png,val,3840,2160,Hamburg_Bremen,scene_06,center,202,IMG_0509_frame_0202.png
1635,img_1635_val.png,images/val/img_1635_val.png,val,3840,2160,Hamburg_Bremen,scene_06,center,1215,IMG_0509_frame_1215.png
1636,img_1636_val.png,images/val/img_1636_val.png,val,3840,2160,Hamburg_Itzehoe,scene_01,center,5,DSC_0261_frame_0005.png
1637,img_1637_val.png,images/val/img_1637_val.png,val,3840,2160,Hamburg_Itzehoe,scene_01,center,40,DSC_0261_frame_0040.png
1638,img_1638_val.png,images/val/img_1638_val.png,val,3840,2160,Hamburg_Itzehoe,scene_01,center,55,DSC_0261_frame_0055.png
1639,img_1639_val.png,images/val/img_1639_val.png,val,3840,2160,Hamburg_Itzehoe,scene_01,center,77,DSC_0261_frame_0077.png
1640,img_1640_val.png,images/val/img_1640_val.png,val,3840,2160,Hamburg_Itzehoe,scene_01,center,83,DSC_0261_frame_0083.png
1641,img_1641_val.png,images/val/img_1641_val.png,val,3840,2160,Hamburg_Itzehoe,scene_01,center,105,DSC_0261_frame_0105.png
1642,img_1642_val.png,images/val/img_1642_val.png,val,3840,2160,Hamburg_Itzehoe,scene_01,center,113,DSC_0261_frame_0113.png
1643,img_1643_val.png,images/val/img_1643_val.png,val,3840,2160,Hamburg_Itzehoe,scene_01,center,152,DSC_0261_frame_0152.png
1644,img_1644_val.png,images/val/img_1644_val.png,val,3840,2160,Hamburg_Itzehoe,scene_01,center,159,DSC_0261_frame_0159.png
1645,img_1645_val.png,images/val/img_1645_val.png,val,3840,2160,Hamburg_Itzehoe,scene_01,center,167,DSC_0261_frame_0167.png
1646,img_1646_val.png,images/val/img_1646_val.png,val,3840,2160,Hamburg_Itzehoe,scene_01,center,172,DSC_0261_frame_0172.png
1647,img_1647_val.png,images/val/img_1647_val.png,val,3840,2160,Hamburg_Itzehoe,scene_01,center,175,DSC_0261_frame_0175.png
1648,img_1648_val.png,images/val/img_1648_val.png,val,3840,2160,Hamburg_Itzehoe,scene_01,center,179,DSC_0261_frame_0179.png
1649,img_1649_val.png,images/val/img_1649_val.png,val,3840,2160,Hamburg_Itzehoe,scene_01,center,183,DSC_0261_frame_0183.png
1650,img_1650_val.png,images/val/img_1650_val.png,val,3840,2160,Hamburg_Itzehoe,scene_01,center,190,DSC_0261_frame_0190.png
1651,img_1651_val.png,images/val/img_1651_val.png,val,3840,2160,Hamburg_Itzehoe,scene_02,center,0,DSC_0262_frame_0000.png
1652,img_1652_val.png,images/val/img_1652_val.png,val,3840,2160,Hamburg_Itzehoe,scene_02,center,69,DSC_0262_frame_0069.png
1653,img_1653_val.png,images/val/img_1653_val.png,val,3840,2160,Hamburg_Itzehoe,scene_02,center,85,DSC_0262_frame_0085.png
1654,img_1654_val.png,images/val/img_1654_val.png,val,3840,2160,Hamburg_Itzehoe,scene_02,center,98,DSC_0262_frame_0098.png
1655,img_1655_val.png,images/val/img_1655_val.png,val,3840,2160,Hamburg_Itzehoe,scene_02,center,113,DSC_0262_frame_0113.png
1656,img_1656_val.png,images/val/img_1656_val.png,val,3840,2160,Hamburg_Itzehoe,scene_02,center,123,DSC_0262_frame_0123.png
1657,img_1657_val.png,images/val/img_1657_val.png,val,3840,2160,Hamburg_Itzehoe,scene_02,center,141,DSC_0262_frame_0141.png
1658,img_1658_val.png,images/val/img_1658_val.png,val,3840,2160,Hamburg_Itzehoe,scene_02,center,147,DSC_0262_frame_0147.png
1659,img_1659_val.png,images/val/img_1659_val.png,val,3840,2160,Hamburg_Itzehoe,scene_02,center,153,DSC_0262_frame_0153.png
1660,img_1660_val.png,images/val/img_1660_val.png,val,3840,2160,Hamburg_Itzehoe,scene_02,center,163,DSC_0262_frame_0163.png
1661,img_1661_val.png,images/val/img_1661_val.png,val,3840,2160,Hamburg_Itzehoe,scene_02,center,198,DSC_0262_frame_0198.png
1662,img_1662_val.png,images/val/img_1662_val.png,val,3840,2160,Hamburg_Itzehoe,scene_02,center,205,DSC_0262_frame_0205.png
1663,img_1663_val.png,images/val/img_1663_val.png,val,3840,2160,Hamburg_Itzehoe,scene_02,center,222,DSC_0262_frame_0222.png
1664,img_1664_val.png,images/val/img_1664_val.png,val,3840,2160,Hamburg_Itzehoe,scene_02,center,238,DSC_0262_frame_0238.png
1665,img_1665_val.png,images/val/img_1665_val.png,val,3840,2160,Hamburg_Itzehoe,scene_02,center,255,DSC_0262_frame_0255.png
1666,img_1666_val.png,images/val/img_1666_val.png,val,3840,2160,Hamburg_Itzehoe,scene_02,center,283,DSC_0262_frame_0283.png
1667,img_1667_val.png,images/val/img_1667_val.png,val,3840,2160,Hamburg_Itzehoe,scene_02,center,308,DSC_0262_frame_0308.png
1668,img_1668_val.png,images/val/img_1668_val.png,val,3840,2160,Hamburg_Itzehoe,scene_02,center,323,DSC_0262_frame_0323.png
1669,img_1669_val.png,images/val/img_1669_val.png,val,3840,2160,Hamburg_Itzehoe,scene_02,center,333,DSC_0262_frame_0333.png
1670,img_1670_val.png,images/val/img_1670_val.png,val,3840,2160,Hamburg_Itzehoe,scene_02,center,343,DSC_0262_frame_0343.png
1671,img_1671_val.png,images/val/img_1671_val.png,val,3840,2160,Hamburg_Itzehoe,scene_02,center,391,DSC_0262_frame_0391.png
1672,img_1672_val.png,images/val/img_1672_val.png,val,3840,2160,Hamburg_Itzehoe,scene_02,center,406,DSC_0262_frame_0406.png
1673,img_1673_val.png,images/val/img_1673_val.png,val,3840,2160,Hamburg_Itzehoe,scene_02,center,417,DSC_0262_frame_0417.png
1674,img_1674_val.png,images/val/img_1674_val.png,val,3840,2160,Hamburg_Itzehoe,scene_02,center,427,DSC_0262_frame_0427.png
1675,img_1675_val.png,images/val/img_1675_val.png,val,3840,2160,Hamburg_Itzehoe,scene_02,center,447,DSC_0262_frame_0447.png
1676,img_1676_val.png,images/val/img_1676_val.png,val,3840,2160,Hamburg_Itzehoe,scene_02,center,457,DSC_0262_frame_0457.png
1677,img_1677_val.png,images/val/img_1677_val.png,val,3840,2160,Hamburg_Itzehoe,scene_02,center,463,DSC_0262_frame_0463.png
1678,img_1678_val.png,images/val/img_1678_val.png,val,3840,2160,Hamburg_Itzehoe,scene_02,center,492,DSC_0262_frame_0492.png
1679,img_1679_val.png,images/val/img_1679_val.png,val,3840,2160,Hamburg_Itzehoe,scene_02,center,510,DSC_0262_frame_0510.png
1680,img_1680_val.png,images/val/img_1680_val.png,val,3840,2160,Hamburg_Itzehoe,scene_02,center,518,DSC_0262_frame_0518.png
1681,img_1681_val.png,images/val/img_1681_val.png,val,3840,2160,Hamburg_Itzehoe,scene_02,center,552,DSC_0262_frame_0552.png
1682,img_1682_val.png,images/val/img_1682_val.png,val,3840,2160,Hamburg_Itzehoe,scene_02,center,582,DSC_0262_frame_0582.png
1683,img_1683_val.png,images/val/img_1683_val.png,val,3840,2160,Hamburg_Itzehoe,scene_02,center,610,DSC_0262_frame_0610.png
1684,img_1684_val.png,images/val/img_1684_val.png,val,3840,2160,Hamburg_Itzehoe,scene_02,center,621,DSC_0262_frame_0621.png
1685,img_1685_val.png,images/val/img_1685_val.png,val,3840,2160,Hamburg_Itzehoe,scene_02,center,640,DSC_0262_frame_0640.png
1686,img_1686_val.png,images/val/img_1686_val.png,val,3840,2160,Hamburg_Itzehoe,scene_02,center,643,DSC_0262_frame_0643.png
1687,img_1687_val.png,images/val/img_1687_val.png,val,3840,2160,Hamburg_Itzehoe,scene_02,center,652,DSC_0262_frame_0652.png
1688,img_1688_val.png,images/val/img_1688_val.png,val,3840,2160,Hamburg_Itzehoe,scene_02,center,659,DSC_0262_frame_0659.png
1689,img_1689_val.png,images/val/img_1689_val.png,val,3840,2160,Hamburg_Itzehoe,scene_02,center,674,DSC_0262_frame_0674.png
1690,img_1690_val.png,images/val/img_1690_val.png,val,3840,2160,Hamburg_Itzehoe,scene_02,center,681,DSC_0262_frame_0681.png
1691,img_1691_val.png,images/val/img_1691_val.png,val,3840,2160,Hamburg_Itzehoe,scene_02,center,695,DSC_0262_frame_0695.png
1692,img_1692_val.png,images/val/img_1692_val.png,val,3840,2160,Hamburg_Itzehoe,scene_02,center,707,DSC_0262_frame_0707.png
1693,img_1693_val.png,images/val/img_1693_val.png,val,3840,2160,Hamburg_Itzehoe,scene_02,center,716,DSC_0262_frame_0716.png
1694,img_1694_val.png,images/val/img_1694_val.png,val,3840,2160,Hamburg_Itzehoe,scene_02,center,735,DSC_0262_frame_0735.png
1695,img_1695_val.png,images/val/img_1695_val.png,val,3840,2160,Hamburg_Itzehoe,scene_02,center,749,DSC_0262_frame_0749.png
1696,img_1696_val.png,images/val/img_1696_val.png,val,3840,2160,Hamburg_Itzehoe,scene_02,center,753,DSC_0262_frame_0753.png
1697,img_1697_val.png,images/val/img_1697_val.png,val,3840,2160,Hamburg_Itzehoe,scene_02,center,756,DSC_0262_frame_0756.png
1698,img_1698_val.png,images/val/img_1698_val.png,val,3840,2160,Hamburg_Itzehoe,scene_02,center,771,DSC_0262_frame_0771.png
1699,img_1699_val.png,images/val/img_1699_val.png,val,3840,2160,Hamburg_Itzehoe,scene_02,center,802,DSC_0262_frame_0802.png
1700,img_1700_val.png,images/val/img_1700_val.png,val,3840,2160,Hamburg_Itzehoe,scene_02,center,807,DSC_0262_frame_0807.png
1701,img_1701_val.png,images/val/img_1701_val.png,val,3840,2160,Hamburg_Itzehoe,scene_02,center,818,DSC_0262_frame_0818.png
1702,img_1702_val.png,images/val/img_1702_val.png,val,3840,2160,Hamburg_Itzehoe,scene_02,center,829,DSC_0262_frame_0829.png
1703,img_1703_val.png,images/val/img_1703_val.png,val,3840,2160,Hamburg_Itzehoe,scene_02,center,841,DSC_0262_frame_0841.png
1704,img_1704_val.png,images/val/img_1704_val.png,val,3840,2160,Hamburg_Itzehoe,scene_02,center,844,DSC_0262_frame_0844.png
1705,img_1705_val.png,images/val/img_1705_val.png,val,3840,2160,Hamburg_Itzehoe,scene_02,center,846,DSC_0262_frame_0846.png
1706,img_1706_val.png,images/val/img_1706_val.png,val,3840,2160,Hamburg_Itzehoe,scene_02,center,847,DSC_0262_frame_0847.png
1707,img_1707_val.png,images/val/img_1707_val.png,val,3840,2160,Hamburg_Itzehoe,scene_02,center,881,DSC_0262_frame_0881.png
1708,img_1708_val.png,images/val/img_1708_val.png,val,3840,2160,Hamburg_Itzehoe,scene_02,center,909,DSC_0262_frame_0909.png
1709,img_1709_val.png,images/val/img_1709_val.png,val,3840,2160,Hamburg_Itzehoe,scene_02,center,916,DSC_0262_frame_0916.png
1710,img_1710_val.png,images/val/img_1710_val.png,val,3840,2160,Hamburg_Itzehoe,scene_02,center,922,DSC_0262_frame_0922.png
1711,img_1711_val.png,images/val/img_1711_val.png,val,3840,2160,Hamburg_Itzehoe,scene_02,center,925,DSC_0262_frame_0925.png
1712,img_1712_val.png,images/val/img_1712_val.png,val,3840,2160,Hamburg_Itzehoe,scene_02,center,951,DSC_0262_frame_0951.png
1713,img_1713_val.png,images/val/img_1713_val.png,val,3840,2160,Hamburg_Itzehoe,scene_02,center,971,DSC_0262_frame_0971.png
1714,img_1714_val.png,images/val/img_1714_val.png,val,3840,2160,Hamburg_Itzehoe,scene_02,center,977,DSC_0262_frame_0977.png
1715,img_1715_val.png,images/val/img_1715_val.png,val,3840,2160,Hamburg_Itzehoe,scene_02,center,1007,DSC_0262_frame_1007.png
1716,img_1716_val.png,images/val/img_1716_val.png,val,3840,2160,Hamburg_Itzehoe,scene_02,center,1011,DSC_0262_frame_1011.png
1717,img_1717_val.png,images/val/img_1717_val.png,val,3840,2160,Hamburg_Itzehoe,scene_02,center,1012,DSC_0262_frame_1012.png
1718,img_1718_val.png,images/val/img_1718_val.png,val,3840,2160,Hamburg_Itzehoe,scene_02,center,1015,DSC_0262_frame_1015.png
1719,img_1719_val.png,images/val/img_1719_val.png,val,3840,2160,Hamburg_Itzehoe,scene_02,center,1038,DSC_0262_frame_1038.png
1720,img_1720_val.png,images/val/img_1720_val.png,val,3840,2160,Hamburg_Itzehoe,scene_02,center,1044,DSC_0262_frame_1044.png
1721,img_1721_val.png,images/val/img_1721_val.png,val,3840,2160,Hamburg_Itzehoe,scene_02,center,1048,DSC_0262_frame_1048.png
1722,img_1722_val.png,images/val/img_1722_val.png,val,3840,2160,Hamburg_Itzehoe,scene_02,center,1104,DSC_0262_frame_1104.png
1723,img_1723_val.png,images/val/img_1723_val.png,val,3840,2160,Hamburg_Itzehoe,scene_02,center,1159,DSC_0262_frame_1159.png
1724,img_1724_val.png,images/val/img_1724_val.png,val,3840,2160,Hamburg_Itzehoe,scene_02,center,1163,DSC_0262_frame_1163.png
1725,img_1725_val.png,images/val/img_1725_val.png,val,3840,2160,Hamburg_Itzehoe,scene_02,center,1173,DSC_0262_frame_1173.png
1726,img_1726_val.png,images/val/img_1726_val.png,val,3840,2160,Hamburg_Itzehoe,scene_02,center,1209,DSC_0262_frame_1209.png
1727,img_1727_val.png,images/val/img_1727_val.png,val,3840,2160,Hamburg_Itzehoe,scene_02,center,1219,DSC_0262_frame_1219.png
1728,img_1728_val.png,images/val/img_1728_val.png,val,3840,2160,Hamburg_Itzehoe,scene_02,center,1224,DSC_0262_frame_1224.png
1729,img_1729_val.png,images/val/img_1729_val.png,val,3840,2160,Hamburg_Itzehoe,scene_02,center,1228,DSC_0262_frame_1228.png
1730,img_1730_val.png,images/val/img_1730_val.png,val,3840,2160,Hamburg_Itzehoe,scene_02,center,1237,DSC_0262_frame_1237.png
1731,img_1731_val.png,images/val/img_1731_val.png,val,3840,2160,Hamburg_Itzehoe,scene_02,center,1247,DSC_0262_frame_1247.png
1732,img_1732_val.png,images/val/img_1732_val.png,val,3840,2160,Hamburg_Itzehoe,scene_02,center,1295,DSC_0262_frame_1295.png
1733,img_1733_val.png,images/val/img_1733_val.png,val,3840,2160,Hamburg_Itzehoe,scene_02,center,1300,DSC_0262_frame_1300.png
1734,img_1734_val.png,images/val/img_1734_val.png,val,3840,2160,Hamburg_Itzehoe,scene_02,center,1314,DSC_0262_frame_1314.png
1735,img_1735_val.png,images/val/img_1735_val.png,val,3840,2160,Hamburg_Itzehoe,scene_02,center,1349,DSC_0262_frame_1349.png
1736,img_1736_val.png,images/val/img_1736_val.png,val,3840,2160,Hamburg_Itzehoe,scene_02,center,1463,DSC_0262_frame_1463.png
1737,img_1737_val.png,images/val/img_1737_val.png,val,3840,2160,Hamburg_Itzehoe,scene_02,center,1609,DSC_0262_frame_1609.png
1738,img_1738_val.png,images/val/img_1738_val.png,val,3840,2160,Hamburg_Itzehoe,scene_02,center,1627,DSC_0262_frame_1627.png
1739,img_1739_val.png,images/val/img_1739_val.png,val,3840,2160,Hamburg_Itzehoe,scene_02,center,1655,DSC_0262_frame_1655.png
1740,img_1740_val.png,images/val/img_1740_val.png,val,3840,2160,Hamburg_Itzehoe,scene_02,center,1680,DSC_0262_frame_1680.png
1741,img_1741_val.png,images/val/img_1741_val.png,val,3840,2160,Hamburg_Itzehoe,scene_02,center,1717,DSC_0262_frame_1717.png
1742,img_1742_val.png,images/val/img_1742_val.png,val,3840,2160,Hamburg_Itzehoe,scene_02,center,1723,DSC_0262_frame_1723.png
1743,img_1743_val.png,images/val/img_1743_val.png,val,3840,2160,Hamburg_Itzehoe,scene_02,center,1754,DSC_0262_frame_1754.png
1744,img_1744_val.png,images/val/img_1744_val.png,val,3840,2160,Hamburg_Itzehoe,scene_02,center,1787,DSC_0262_frame_1787.png
1745,img_1745_val.png,images/val/img_1745_val.png,val,3840,2160,Hamburg_Itzehoe,scene_02,center,1792,DSC_0262_frame_1792.png
1746,img_1746_val.png,images/val/img_1746_val.png,val,3840,2160,Hamburg_Itzehoe,scene_02,center,1806,DSC_0262_frame_1806.png
1747,img_1747_val.png,images/val/img_1747_val.png,val,3840,2160,Hamburg_Itzehoe,scene_02,center,1810,DSC_0262_frame_1810.png
1748,img_1748_val.png,images/val/img_1748_val.png,val,3840,2160,Hamburg_Itzehoe,scene_02,center,1817,DSC_0262_frame_1817.png
1749,img_1749_val.png,images/val/img_1749_val.png,val,3840,2160,Hamburg_Itzehoe,scene_02,center,1827,DSC_0262_frame_1827.png
1750,img_1750_val.png,images/val/img_1750_val.png,val,3840,2160,Hamburg_Itzehoe,scene_02,center,1837,DSC_0262_frame_1837.png
1751,img_1751_val.png,images/val/img_1751_val.png,val,3840,2160,Hamburg_Itzehoe,scene_02,center,1871,DSC_0262_frame_1871.png
1752,img_1752_val.png,images/val/img_1752_val.png,val,3840,2160,Hamburg_Itzehoe,scene_02,center,1910,DSC_0262_frame_1910.png
1753,img_1753_val.png,images/val/img_1753_val.png,val,3840,2160,Hamburg_Itzehoe,scene_02,center,1931,DSC_0262_frame_1931.png
1754,img_1754_val.png,images/val/img_1754_val.png,val,3840,2160,Hamburg_Itzehoe,scene_02,center,1984,DSC_0262_frame_1984.png
1755,img_1755_val.png,images/val/img_1755_val.png,val,3840,2160,Hamburg_Itzehoe,scene_02,center,2015,DSC_0262_frame_2015.png
1756,img_1756_val.png,images/val/img_1756_val.png,val,3840,2160,Hamburg_Itzehoe,scene_02,center,2114,DSC_0262_frame_2114.png
1757,img_1757_val.png,images/val/img_1757_val.png,val,3840,2160,Hamburg_Itzehoe,scene_02,center,2163,DSC_0262_frame_2163.png
1758,img_1758_val.png,images/val/img_1758_val.png,val,3840,2160,Hamburg_Itzehoe,scene_02,center,2165,DSC_0262_frame_2165.png
1759,img_1759_val.png,images/val/img_1759_val.png,val,3840,2160,Hamburg_Itzehoe,scene_02,center,2220,DSC_0262_frame_2220.png
1760,img_1760_val.png,images/val/img_1760_val.png,val,3840,2160,Hamburg_Itzehoe,scene_02,center,2243,DSC_0262_frame_2243.png
1761,img_1761_val.png,images/val/img_1761_val.png,val,3840,2160,Hamburg_Itzehoe,scene_02,center,2279,DSC_0262_frame_2279.png
1762,img_1762_val.png,images/val/img_1762_val.png,val,3840,2160,Hamburg_Itzehoe,scene_02,center,2311,DSC_0262_frame_2311.png
1763,img_1763_val.png,images/val/img_1763_val.png,val,3840,2160,Hamburg_Itzehoe,scene_02,center,2317,DSC_0262_frame_2317.png
1764,img_1764_val.png,images/val/img_1764_val.png,val,3840,2160,Hamburg_Itzehoe,scene_02,center,2329,DSC_0262_frame_2329.png
1765,img_1765_val.png,images/val/img_1765_val.png,val,3840,2160,Hamburg_Itzehoe,scene_02,center,2347,DSC_0262_frame_2347.png
1766,img_1766_val.png,images/val/img_1766_val.png,val,3840,2160,Hamburg_Itzehoe,scene_02,center,2403,DSC_0262_frame_2403.png
1767,img_1767_val.png,images/val/img_1767_val.png,val,3840,2160,Hamburg_Itzehoe,scene_02,center,2418,DSC_0262_frame_2418.png
1768,img_1768_val.png,images/val/img_1768_val.png,val,3840,2160,Hamburg_Itzehoe,scene_02,center,2435,DSC_0262_frame_2435.png
1769,img_1769_val.png,images/val/img_1769_val.png,val,3840,2160,Hamburg_Itzehoe,scene_02,center,2444,DSC_0262_frame_2444.png
1770,img_1770_val.png,images/val/img_1770_val.png,val,3840,2160,Hamburg_Itzehoe,scene_02,center,2461,DSC_0262_frame_2461.png
1771,img_1771_val.png,images/val/img_1771_val.png,val,3840,2160,Hannover_BadBentheim,scene_01,center,4387,frame_4387.png
1772,img_1772_val.png,images/val/img_1772_val.png,val,3840,2160,Hannover_BadBentheim,scene_01,center,4402,frame_4402.png
1773,img_1773_val.png,images/val/img_1773_val.png,val,3840,2160,Hannover_BadBentheim,scene_01,center,4408,frame_4408.png
1774,img_1774_val.png,images/val/img_1774_val.png,val,3840,2160,Hannover_BadBentheim,scene_01,center,4411,frame_4411.png
1775,img_1775_val.png,images/val/img_1775_val.png,val,3840,2160,Hannover_BadBentheim,scene_01,center,4414,frame_4414.png
1776,img_1776_val.png,images/val/img_1776_val.png,val,3840,2160,Hannover_BadBentheim,scene_01,center,4603,frame_4603.png
1777,img_1777_val.png,images/val/img_1777_val.png,val,3840,2160,Hannover_BadBentheim,scene_01,center,4621,frame_4621.png
1778,img_1778_val.png,images/val/img_1778_val.png,val,3840,2160,Hannover_BadBentheim,scene_01,center,4641,frame_4641.png
1779,img_1779_val.png,images/val/img_1779_val.png,val,3840,2160,Hannover_BadBentheim,scene_01,center,4667,frame_4667.png
1780,img_1780_val.png,images/val/img_1780_val.png,val,3840,2160,Hannover_BadBentheim,scene_01,center,4701,frame_4701.png
1781,img_1781_val.png,images/val/img_1781_val.png,val,3840,2160,Hannover_BadBentheim,scene_01,center,4713,frame_4713.png
1782,img_1782_val.png,images/val/img_1782_val.png,val,3840,2160,Hannover_BadBentheim,scene_01,center,4821,frame_4821.png
1783,img_1783_val.png,images/val/img_1783_val.png,val,3840,2160,Hannover_BadBentheim,scene_01,center,4843,frame_4843.png
1784,img_1784_val.png,images/val/img_1784_val.png,val,3840,2160,Hannover_BadBentheim,scene_01,center,4874,frame_4874.png
1785,img_1785_val.png,images/val/img_1785_val.png,val,3840,2160,Hannover_BadBentheim,scene_01,center,4883,frame_4883.png
1786,img_1786_val.png,images/val/img_1786_val.png,val,3840,2160,Hannover_BadBentheim,scene_01,center,4987,frame_4987.png
1787,img_1787_val.png,images/val/img_1787_val.png,val,3840,2160,Hannover_BadBentheim,scene_01,center,5053,frame_5053.png
1788,img_1788_val.png,images/val/img_1788_val.png,val,3840,2160,Hannover_BadBentheim,scene_01,center,5081,frame_5081.png
1789,img_1789_val.png,images/val/img_1789_val.png,val,3840,2160,Hannover_BadBentheim,scene_01,center,5222,frame_5222.png
1790,img_1790_val.png,images/val/img_1790_val.png,val,3840,2160,Hannover_BadBentheim,scene_01,center,5248,frame_5248.png
1791,img_1791_val.png,images/val/img_1791_val.png,val,3840,2160,Hannover_BadBentheim,scene_01,center,5300,frame_5300.png
1792,img_1792_val.png,images/val/img_1792_val.png,val,3840,2160,Hannover_BadBentheim,scene_01,center,5310,frame_5310.png
1793,img_1793_val.png,images/val/img_1793_val.png,val,3840,2160,Hannover_BadBentheim,scene_01,center,5319,frame_5319.png
1794,img_1794_val.png,images/val/img_1794_val.png,val,3840,2160,Hannover_BadBentheim,scene_01,center,5324,frame_5324.png
1795,img_1795_val.png,images/val/img_1795_val.png,val,3840,2160,Hannover_BadBentheim,scene_01,center,5327,frame_5327.png
1796,img_1796_val.png,images/val/img_1796_val.png,val,3840,2160,Hannover_BadBentheim,scene_01,center,5329,frame_5329.png
1797,img_1797_val.png,images/val/img_1797_val.png,val,3840,2160,Hannover_BadBentheim,scene_01,center,5381,frame_5381.png
1798,img_1798_val.png,images/val/img_1798_val.png,val,3840,2160,Hannover_BadBentheim,scene_01,center,5383,frame_5383.png
1799,img_1799_val.png,images/val/img_1799_val.png,val,3840,2160,Hannover_BadBentheim,scene_01,center,5392,frame_5392.png
1800,img_1800_val.png,images/val/img_1800_val.png,val,3840,2160,Hannover_BadBentheim,scene_01,center,5413,frame_5413.png
1801,img_1801_val.png,images/val/img_1801_val.png,val,3840,2160,Hannover_BadBentheim,scene_01,center,5417,frame_5417.png
1802,img_1802_val.png,images/val/img_1802_val.png,val,3840,2160,Hannover_BadBentheim,scene_01,center,5422,frame_5422.png
1803,img_1803_val.png,images/val/img_1803_val.png,val,3840,2160,Hannover_BadBentheim,scene_01,center,5430,frame_5430.png
1804,img_1804_val.png,images/val/img_1804_val.png,val,3840,2160,Hannover_BadBentheim,scene_01,center,5452,frame_5452.png
1805,img_1805_val.png,images/val/img_1805_val.png,val,3840,2160,Hannover_BadBentheim,scene_01,center,5457,frame_5457.png
1806,img_1806_val.png,images/val/img_1806_val.png,val,3840,2160,Hannover_BadBentheim,scene_01,center,5484,frame_5484.png
1807,img_1807_val.png,images/val/img_1807_val.png,val,3840,2160,Hannover_BadBentheim,scene_01,center,5508,frame_5508.png
1808,img_1808_val.png,images/val/img_1808_val.png,val,3840,2160,Hannover_BadBentheim,scene_01,center,5514,frame_5514.png
1809,img_1809_val.png,images/val/img_1809_val.png,val,3840,2160,Hannover_BadBentheim,scene_01,center,5525,frame_5525.png
1810,img_1810_val.png,images/val/img_1810_val.png,val,3840,2160,Hannover_BadBentheim,scene_01,center,5545,frame_5545.png
1811,img_1811_val.png,images/val/img_1811_val.png,val,3840,2160,Hannover_BadBentheim,scene_01,center,5552,frame_5552.png
1812,img_1812_val.png,images/val/img_1812_val.png,val,3840,2160,Hannover_BadBentheim,scene_01,center,5565,frame_5565.png
1813,img_1813_val.png,images/val/img_1813_val.png,val,3840,2160,Hannover_BadBentheim,scene_01,center,5588,frame_5588.png
1814,img_1814_val.png,images/val/img_1814_val.png,val,3840,2160,Hannover_BadBentheim,scene_01,center,5615,frame_5615.png
1815,img_1815_val.png,images/val/img_1815_val.png,val,3840,2160,Hannover_BadBentheim,scene_01,center,5660,frame_5660.png
1816,img_1816_val.png,images/val/img_1816_val.png,val,3840,2160,Hannover_BadBentheim,scene_01,center,5663,frame_5663.png
1817,img_1817_val.png,images/val/img_1817_val.png,val,3840,2160,Hannover_BadBentheim,scene_01,center,5667,frame_5667.png
1818,img_1818_val.png,images/val/img_1818_val.png,val,3840,2160,Hannover_BadBentheim,scene_01,center,5788,frame_5788.png
1819,img_1819_val.png,images/val/img_1819_val.png,val,3840,2160,Hannover_BadBentheim,scene_01,center,5793,frame_5793.png
1820,img_1820_val.png,images/val/img_1820_val.png,val,3840,2160,Hannover_BadBentheim,scene_01,center,5838,frame_5838.png
1821,img_1821_val.png,images/val/img_1821_val.png,val,3840,2160,Itzehoe_Westerland,scene_01,center,129,DSC_0234_frame_0129.png
1822,img_1822_val.png,images/val/img_1822_val.png,val,3840,2160,Itzehoe_Westerland,scene_01,center,191,DSC_0234_frame_0191.png
1823,img_1823_val.png,images/val/img_1823_val.png,val,3840,2160,Itzehoe_Westerland,scene_01,center,210,DSC_0234_frame_0210.png
1824,img_1824_val.png,images/val/img_1824_val.png,val,3840,2160,Itzehoe_Westerland,scene_01,center,221,DSC_0234_frame_0221.png
1825,img_1825_val.png,images/val/img_1825_val.png,val,3840,2160,Itzehoe_Westerland,scene_01,center,301,DSC_0234_frame_0301.png
1826,img_1826_val.png,images/val/img_1826_val.png,val,3840,2160,Itzehoe_Westerland,scene_01,center,346,DSC_0234_frame_0346.png
1827,img_1827_val.png,images/val/img_1827_val.png,val,3840,2160,Itzehoe_Westerland,scene_01,center,359,DSC_0234_frame_0359.png
1828,img_1828_val.png,images/val/img_1828_val.png,val,3840,2160,Itzehoe_Westerland,scene_01,center,400,DSC_0234_frame_0400.png
1829,img_1829_val.png,images/val/img_1829_val.png,val,3840,2160,Itzehoe_Westerland,scene_01,center,460,DSC_0234_frame_0460.png
1830,img_1830_val.png,images/val/img_1830_val.png,val,3840,2160,Itzehoe_Westerland,scene_01,center,481,DSC_0234_frame_0481.png
1831,img_1831_val.png,images/val/img_1831_val.png,val,3840,2160,Itzehoe_Westerland,scene_01,center,495,DSC_0234_frame_0495.png
1832,img_1832_val.png,images/val/img_1832_val.png,val,3840,2160,Itzehoe_Westerland,scene_01,center,505,DSC_0234_frame_0505.png
1833,img_1833_val.png,images/val/img_1833_val.png,val,3840,2160,Itzehoe_Westerland,scene_01,center,515,DSC_0234_frame_0515.png
1834,img_1834_val.png,images/val/img_1834_val.png,val,3840,2160,Itzehoe_Westerland,scene_01,center,521,DSC_0234_frame_0521.png
1835,img_1835_val.png,images/val/img_1835_val.png,val,3840,2160,Itzehoe_Westerland,scene_01,center,535,DSC_0234_frame_0535.png
1836,img_1836_val.png,images/val/img_1836_val.png,val,3840,2160,Itzehoe_Westerland,scene_01,center,549,DSC_0234_frame_0549.png
1837,img_1837_val.png,images/val/img_1837_val.png,val,3840,2160,Itzehoe_Westerland,scene_01,center,553,DSC_0234_frame_0553.png
1838,img_1838_val.png,images/val/img_1838_val.png,val,3840,2160,Leipzig_Hannover,scene_01,center,1301,frame_1301.png
1839,img_1839_val.png,images/val/img_1839_val.png,val,3840,2160,Leipzig_Hannover,scene_01,center,1332,frame_1332.png
1840,img_1840_val.png,images/val/img_1840_val.png,val,3840,2160,Leipzig_Hannover,scene_01,center,1346,frame_1346.png
1841,img_1841_val.png,images/val/img_1841_val.png,val,3840,2160,Leipzig_Hannover,scene_01,center,1347,frame_1347.png
1842,img_1842_val.png,images/val/img_1842_val.png,val,3840,2160,Leipzig_Hannover,scene_01,center,1351,frame_1351.png
1843,img_1843_val.png,images/val/img_1843_val.png,val,3840,2160,Leipzig_Hannover,scene_01,center,1392,frame_1392.png
1844,img_1844_val.png,images/val/img_1844_val.png,val,3840,2160,Leipzig_Hannover,scene_01,center,1425,frame_1425.png
1845,img_1845_val.png,images/val/img_1845_val.png,val,3840,2160,Leipzig_Hannover,scene_01,center,1431,frame_1431.png
1846,img_1846_val.png,images/val/img_1846_val.png,val,3840,2160,Leipzig_Hannover,scene_01,center,1543,frame_1543.png
1847,img_1847_val.png,images/val/img_1847_val.png,val,3840,2160,Leipzig_Hannover,scene_01,center,1551,frame_1551.png
1848,img_1848_val.png,images/val/img_1848_val.png,val,3840,2160,Leipzig_Hannover,scene_01,center,1578,frame_1578.png
1849,img_1849_val.png,images/val/img_1849_val.png,val,3840,2160,Leipzig_Hannover,scene_01,center,1584,frame_1584.png
1850,img_1850_val.png,images/val/img_1850_val.png,val,3840,2160,Leipzig_Hannover,scene_01,center,1588,frame_1588.png
1851,img_1851_val.png,images/val/img_1851_val.png,val,3840,2160,Leipzig_Hannover,scene_01,center,1600,frame_1600.png
1852,img_1852_val.png,images/val/img_1852_val.png,val,3840,2160,Leipzig_Hannover,scene_01,center,1610,frame_1610.png
1853,img_1853_val.png,images/val/img_1853_val.png,val,3840,2160,Leipzig_Hannover,scene_01,center,1625,frame_1625.png
1854,img_1854_val.png,images/val/img_1854_val.png,val,3840,2160,Leipzig_Hannover,scene_01,center,1646,frame_1646.png
1855,img_1855_val.png,images/val/img_1855_val.png,val,3840,2160,Leipzig_Hannover,scene_01,center,1673,frame_1673.png
1856,img_1856_val.png,images/val/img_1856_val.png,val,3840,2160,Leipzig_Hannover,scene_01,center,1684,frame_1684.png
1857,img_1857_val.png,images/val/img_1857_val.png,val,3840,2160,Leipzig_Hannover,scene_01,center,1690,frame_1690.png
1858,img_1858_val.png,images/val/img_1858_val.png,val,3840,2160,Leipzig_Hannover,scene_01,center,1694,frame_1694.png
1859,img_1859_val.png,images/val/img_1859_val.png,val,3840,2160,Leipzig_Hannover,scene_01,center,1700,frame_1700.png
1860,img_1860_val.png,images/val/img_1860_val.png,val,3840,2160,Leipzig_Hannover,scene_01,center,1712,frame_1712.png
1861,img_1861_val.png,images/val/img_1861_val.png,val,3840,2160,Leipzig_Hannover,scene_01,center,1722,frame_1722.png
1862,img_1862_val.png,images/val/img_1862_val.png,val,3840,2160,Leipzig_Hannover,scene_01,center,1727,frame_1727.png
1863,img_1863_val.png,images/val/img_1863_val.png,val,3840,2160,Leipzig_Hannover,scene_01,center,1736,frame_1736.png
1864,img_1864_val.png,images/val/img_1864_val.png,val,3840,2160,Leipzig_Hannover,scene_01,center,1778,frame_1778.png
1865,img_1865_val.png,images/val/img_1865_val.png,val,3840,2160,Leipzig_Hannover,scene_01,center,1918,frame_1918.png
1866,img_1866_val.png,images/val/img_1866_val.png,val,3840,2160,Leipzig_Hannover,scene_01,center,1941,frame_1941.png
1867,img_1867_val.png,images/val/img_1867_val.png,val,3840,2160,Leipzig_Hannover,scene_01,center,1950,frame_1950.png
1868,img_1868_val.png,images/val/img_1868_val.png,val,3840,2160,Leipzig_Hannover,scene_01,center,1962,frame_1962.png
1869,img_1869_val.png,images/val/img_1869_val.png,val,3840,2160,Leipzig_Hannover,scene_01,center,1969,frame_1969.png
1870,img_1870_val.png,images/val/img_1870_val.png,val,3840,2160,Leipzig_Hannover,scene_01,center,2009,frame_2009.png
1871,img_1871_val.png,images/val/img_1871_val.png,val,3840,2160,Leipzig_Hannover,scene_01,center,2013,frame_2013.png
1872,img_1872_val.png,images/val/img_1872_val.png,val,3840,2160,Leipzig_Hannover,scene_01,center,2069,frame_2069.png
1873,img_1873_val.png,images/val/img_1873_val.png,val,3840,2160,Leipzig_Hannover,scene_01,center,2075,frame_2075.png
1874,img_1874_val.png,images/val/img_1874_val.png,val,3840,2160,Leipzig_Hannover,scene_01,center,2094,frame_2094.png
1875,img_1875_val.png,images/val/img_1875_val.png,val,3840,2160,Leipzig_Hannover,scene_01,center,2103,frame_2103.png
1876,img_1876_val.png,images/val/img_1876_val.png,val,3840,2160,Leipzig_Hannover,scene_01,center,2107,frame_2107.png
1877,img_1877_val.png,images/val/img_1877_val.png,val,3840,2160,Leipzig_Hannover,scene_01,center,2112,frame_2112.png
1878,img_1878_val.png,images/val/img_1878_val.png,val,3840,2160,Leipzig_Hannover,scene_01,center,2151,frame_2151.png
1879,img_1879_val.png,images/val/img_1879_val.png,val,3840,2160,Leipzig_Hannover,scene_01,center,2163,frame_2163.png
1880,img_1880_val.png,images/val/img_1880_val.png,val,3840,2160,Leipzig_Hannover,scene_01,center,2209,frame_2209.png
1881,img_1881_val.png,images/val/img_1881_val.png,val,3840,2160,Leipzig_Hannover,scene_01,center,2430,frame_2430.png
1882,img_1882_val.png,images/val/img_1882_val.png,val,3840,2160,Leipzig_Hannover,scene_01,center,2433,frame_2433.png
1883,img_1883_val.png,images/val/img_1883_val.png,val,3840,2160,Leipzig_Hannover,scene_01,center,2442,frame_2442.png
1884,img_1884_val.png,images/val/img_1884_val.png,val,3840,2160,Leipzig_Hannover,scene_01,center,2530,frame_2530.png
1885,img_1885_val.png,images/val/img_1885_val.png,val,3840,2160,Leipzig_Hannover,scene_01,center,2548,frame_2548.png
1886,img_1886_val.png,images/val/img_1886_val.png,val,3840,2160,Leipzig_Hannover,scene_01,center,2550,frame_2550.png
1887,img_1887_val.png,images/val/img_1887_val.png,val,3840,2160,Leipzig_Hannover,scene_01,center,2702,frame_2702.png
1888,img_1888_val.png,images/val/img_1888_val.png,val,3840,2160,Leipzig_Hannover,scene_01,center,2728,frame_2728.png
1889,img_1889_val.png,images/val/img_1889_val.png,val,3840,2160,Leipzig_Hannover,scene_01,center,2750,frame_2750.png
1890,img_1890_val.png,images/val/img_1890_val.png,val,3840,2160,Leipzig_Hannover,scene_01,center,2809,frame_2809.png
1891,img_1891_val.png,images/val/img_1891_val.png,val,3840,2160,Leipzig_Hannover,scene_01,center,2813,frame_2813.png
1892,img_1892_val.png,images/val/img_1892_val.png,val,3840,2160,Leipzig_Hannover,scene_01,center,2821,frame_2821.png
1893,img_1893_val.png,images/val/img_1893_val.png,val,3840,2160,Leipzig_Hannover,scene_01,center,2828,frame_2828.png
1894,img_1894_val.png,images/val/img_1894_val.png,val,3840,2160,Leipzig_Hannover,scene_01,center,2932,frame_2932.png
1895,img_1895_val.png,images/val/img_1895_val.png,val,3840,2160,Leipzig_Hannover,scene_01,center,3106,frame_3106.png
1896,img_1896_val.png,images/val/img_1896_val.png,val,3840,2160,Leipzig_Hannover,scene_01,center,3110,frame_3110.png
1897,img_1897_val.png,images/val/img_1897_val.png,val,3840,2160,Leipzig_Hannover,scene_01,center,3124,frame_3124.png
1898,img_1898_val.png,images/val/img_1898_val.png,val,3840,2160,Leipzig_Hannover,scene_01,center,3160,frame_3160.png
1899,img_1899_val.png,images/val/img_1899_val.png,val,3840,2160,Leipzig_Hannover,scene_01,center,3205,frame_3205.png
1900,img_1900_val.png,images/val/img_1900_val.png,val,3840,2160,Leipzig_Hannover,scene_01,center,3308,frame_3308.png
1901,img_1901_val.png,images/val/img_1901_val.png,val,3840,2160,Leipzig_Hannover,scene_01,center,3319,frame_3319.png
1902,img_1902_val.png,images/val/img_1902_val.png,val,3840,2160,Leipzig_Hannover,scene_01,center,3471,frame_3471.png
1903,img_1903_val.png,images/val/img_1903_val.png,val,3840,2160,Leipzig_Hannover,scene_01,center,3477,frame_3477.png
1904,img_1904_val.png,images/val/img_1904_val.png,val,3840,2160,Leipzig_Hannover,scene_01,center,3488,frame_3488.png
1905,img_1905_val.png,images/val/img_1905_val.png,val,3840,2160,Leipzig_Hannover,scene_01,center,3492,frame_3492.png
1906,img_1906_val.png,images/val/img_1906_val.png,val,3840,2160,Leipzig_Hannover,scene_01,center,3537,frame_3537.png
1907,img_1907_val.png,images/val/img_1907_val.png,val,3840,2160,Leipzig_Hannover,scene_01,center,3608,frame_3608.png
1908,img_1908_val.png,images/val/img_1908_val.png,val,3840,2160,Leipzig_Hannover,scene_01,center,3626,frame_3626.png
1909,img_1909_val.png,images/val/img_1909_val.png,val,3840,2160,Leipzig_Hannover,scene_01,center,3724,frame_3724.png
1910,img_1910_val.png,images/val/img_1910_val.png,val,3840,2160,Leipzig_Hannover,scene_01,center,3769,frame_3769.png
1911,img_1911_val.png,images/val/img_1911_val.png,val,3840,2160,Leipzig_Hannover,scene_01,center,4030,frame_4030.png
1912,img_1912_val.png,images/val/img_1912_val.png,val,3840,2160,Leipzig_Hannover,scene_01,center,4041,frame_4041.png
1913,img_1913_val.png,images/val/img_1913_val.png,val,3840,2160,Leipzig_Hannover,scene_01,center,4104,frame_4104.png
1914,img_1914_val.png,images/val/img_1914_val.png,val,3840,2160,Leipzig_Hannover,scene_01,center,4180,frame_4180.png
1915,img_1915_val.png,images/val/img_1915_val.png,val,3840,2160,Leipzig_Hannover,scene_01,center,4192,frame_4192.png
1916,img_1916_val.png,images/val/img_1916_val.png,val,3840,2160,Leipzig_Hannover,scene_01,center,4222,frame_4222.png
1917,img_1917_val.png,images/val/img_1917_val.png,val,3840,2160,Leipzig_Hannover,scene_01,center,4225,frame_4225.png
1918,img_1918_val.png,images/val/img_1918_val.png,val,3840,2160,Leipzig_Hannover,scene_01,center,4230,frame_4230.png
1919,img_1919_val.png,images/val/img_1919_val.png,val,3840,2160,Leipzig_Hannover,scene_01,center,4238,frame_4238.png
1920,img_1920_val.png,images/val/img_1920_val.png,val,4112,2504,OSDaR26_GAF,28_GAF_B_day_out_mov,rgb_12mp_left,0,000_1638274819.000000000.png
1921,img_1921_val.png,images/val/img_1921_val.png,val,4112,2504,OSDaR26_GAF,28_GAF_B_day_out_mov,rgb_12mp_middle,0,000_1638274819.000000000.png
1922,img_1922_val.png,images/val/img_1922_val.png,val,4112,2504,OSDaR26_GAF,28_GAF_B_day_out_mov,rgb_12mp_left,38,038_1638274822.799999952.png
1923,img_1923_val.png,images/val/img_1923_val.png,val,4112,2504,OSDaR26_GAF,28_GAF_B_day_out_mov,rgb_12mp_middle,38,038_1638274822.799999952.png
1924,img_1924_val.png,images/val/img_1924_val.png,val,4112,2504,OSDaR26_GAF,28_GAF_B_day_out_mov,rgb_12mp_right,38,038_1638274822.799999952.png
1925,img_1925_val.png,images/val/img_1925_val.png,val,4112,2504,OSDaR26_GAF,28_GAF_B_day_out_mov,rgb_12mp_left,57,057_1638274824.700000048.png
1926,img_1926_val.png,images/val/img_1926_val.png,val,4112,2504,OSDaR26_GAF,28_GAF_B_day_out_mov,rgb_12mp_left,76,076_1638274826.600000143.png
1927,img_1927_val.png,images/val/img_1927_val.png,val,4112,2504,OSDaR26_GAF,28_GAF_B_day_out_mov,rgb_12mp_middle,76,076_1638274826.599999905.png
1928,img_1928_val.png,images/val/img_1928_val.png,val,4112,2504,OSDaR26_GAF,28_GAF_B_day_out_mov,rgb_12mp_right,76,076_1638274826.599999905.png
1929,img_1929_val.png,images/val/img_1929_val.png,val,4112,2504,OSDaR26_GAF,28_GAF_B_day_out_mov,rgb_12mp_middle,115,115_1638274830.500000000.png
1930,img_1930_val.png,images/val/img_1930_val.png,val,4112,2504,OSDaR26_GAF,28_GAF_B_day_out_mov,rgb_12mp_right,116,116_1638274830.599999905.png
1931,img_1931_val.png,images/val/img_1931_val.png,val,4112,2504,OSDaR26_GAF,28_GAF_B_day_out_mov,rgb_12mp_right,148,148_1638274833.799999952.png
1932,img_1932_val.png,images/val/img_1932_val.png,val,4112,2504,OSDaR26_GAF,34_GAF_B_day_out_mov,rgb_12mp_left,0,000_1638358313.100000143.png
1933,img_1933_val.png,images/val/img_1933_val.png,val,4112,2504,OSDaR26_GAF,34_GAF_B_day_out_mov,rgb_12mp_middle,0,000_1638358313.099999905.png
1934,img_1934_val.png,images/val/img_1934_val.png,val,4112,2504,OSDaR26_GAF,34_GAF_B_day_out_mov,rgb_12mp_right,0,000_1638358313.099999905.png
1935,img_1935_val.png,images/val/img_1935_val.png,val,4112,2504,OSDaR26_GAF,34_GAF_B_day_out_mov,rgb_12mp_left,28,028_1638358315.900000095.png
1936,img_1936_val.png,images/val/img_1936_val.png,val,4112,2504,OSDaR26_GAF,34_GAF_B_day_out_mov,rgb_12mp_left,56,056_1638358318.700000048.png
1937,img_1937_val.png,images/val/img_1937_val.png,val,4112,2504,OSDaR26_GAF,34_GAF_B_day_out_mov,rgb_12mp_middle,56,056_1638358318.700000048.png
1938,img_1938_val.png,images/val/img_1938_val.png,val,4112,2504,OSDaR26_GAF,34_GAF_B_day_out_mov,rgb_12mp_right,56,056_1638358318.700000048.png
1939,img_1939_val.png,images/val/img_1939_val.png,val,4112,2504,OSDaR26_GAF,34_GAF_B_day_out_mov,rgb_12mp_middle,84,084_1638358321.500000000.png
1940,img_1940_val.png,images/val/img_1940_val.png,val,4112,2504,OSDaR26_GAF,34_GAF_B_day_out_mov,rgb_12mp_right,84,084_1638358321.500000000.png
1941,img_1941_val.png,images/val/img_1941_val.png,val,4112,2504,OSDaR26_GAF,34_GAF_B_day_out_mov,rgb_12mp_left,112,112_1638358324.299999952.png
1942,img_1942_val.png,images/val/img_1942_val.png,val,4112,2504,OSDaR26_GAF,34_GAF_B_day_out_mov,rgb_12mp_middle,112,112_1638358324.299999952.png
1943,img_1943_val.png,images/val/img_1943_val.png,val,4112,2504,OSDaR26_GAF,34_GAF_B_day_out_mov,rgb_12mp_right,112,112_1638358324.299999952.png
1944,img_1944_val.png,images/val/img_1944_val.png,val,4112,2504,OSDaR26_GAF,34_GAF_B_day_out_mov,rgb_12mp_left,139,139_1638358327.000000000.png
1945,img_1945_val.png,images/val/img_1945_val.png,val,4112,2504,OSDaR26_GAF,34_GAF_B_day_out_mov,rgb_12mp_right,139,139_1638358327.000000000.png
1946,img_1946_val.png,images/val/img_1946_val.png,val,4112,2504,OSDaR26_GAF,34_GAF_B_day_out_mov,rgb_12mp_middle,166,166_1638358329.700000048.png
1947,img_1947_val.png,images/val/img_1947_val.png,val,4112,2504,OSDaR26_GAF,34_GAF_B_day_out_mov,rgb_12mp_right,166,166_1638358329.700000048.png
1948,img_1948_val.png,images/val/img_1948_val.png,val,4112,2504,OSDaR26_GAF,34_GAF_B_day_out_mov,rgb_12mp_middle,221,221_1638358335.200000048.png
1949,img_1949_val.png,images/val/img_1949_val.png,val,4112,2504,OSDaR26_GAF,34_GAF_B_day_out_mov,rgb_12mp_left,297,297_1638358342.799999952.png
1950,img_1950_val.png,images/val/img_1950_val.png,val,4112,2504,OSDaR26_GAF,34_GAF_B_day_out_mov,rgb_12mp_middle,297,297_1638358342.799999952.png
1951,img_1951_val.png,images/val/img_1951_val.png,val,4112,2504,OSDaR26_GAF,20_GAF_B_day_out_mov,rgb_12mp_left,0,000_1638361370.000000000.png
1952,img_1952_val.png,images/val/img_1952_val.png,val,4112,2504,OSDaR26_GAF,20_GAF_B_day_out_mov,rgb_12mp_middle,0,000_1638361370.000000000.png
1953,img_1953_val.png,images/val/img_1953_val.png,val,4112,2504,OSDaR26_GAF,20_GAF_B_day_out_mov,rgb_12mp_right,0,000_1638361370.000000000.png
1954,img_1954_val.png,images/val/img_1954_val.png,val,4112,2504,OSDaR26_GAF,20_GAF_B_day_out_mov,rgb_12mp_left,20,020_1638361372.000000000.png
1955,img_1955_val.png,images/val/img_1955_val.png,val,4112,2504,OSDaR26_GAF,20_GAF_B_day_out_mov,rgb_12mp_right,20,020_1638361372.000000000.png
1956,img_1956_val.png,images/val/img_1956_val.png,val,4112,2504,OSDaR26_GAF,20_GAF_B_day_out_mov,rgb_12mp_left,39,039_1638361373.900000095.png
1957,img_1957_val.png,images/val/img_1957_val.png,val,4112,2504,OSDaR26_GAF,20_GAF_B_day_out_mov,rgb_12mp_middle,39,039_1638361373.900000095.png
1958,img_1958_val.png,images/val/img_1958_val.png,val,4112,2504,OSDaR26_GAF,20_GAF_B_day_out_mov,rgb_12mp_right,39,039_1638361373.900000095.png
1959,img_1959_val.png,images/val/img_1959_val.png,val,4112,2504,OSDaR26_GAF,20_GAF_B_day_out_mov,rgb_12mp_left,58,058_1638361375.799999952.png
1960,img_1960_val.png,images/val/img_1960_val.png,val,4112,2504,OSDaR26_GAF,20_GAF_B_day_out_mov,rgb_12mp_right,58,058_1638361375.799999952.png
1961,img_1961_val.png,images/val/img_1961_val.png,val,4112,2504,OSDaR26_GAF,20_GAF_B_day_out_mov,rgb_12mp_middle,77,077_1638361377.700000048.png
1962,img_1962_val.png,images/val/img_1962_val.png,val,4112,2504,OSDaR26_GAF,20_GAF_B_day_out_mov,rgb_12mp_right,77,077_1638361377.700000048.png
1963,img_1963_val.png,images/val/img_1963_val.png,val,4112,2504,OSDaR26_GAF,20_GAF_B_day_out_mov,rgb_12mp_left,95,095_1638361379.500000000.png
1964,img_1964_val.png,images/val/img_1964_val.png,val,4112,2504,OSDaR26_GAF,20_GAF_B_day_out_mov,rgb_12mp_right,95,095_1638361379.500000000.png
1965,img_1965_val.png,images/val/img_1965_val.png,val,4112,2504,OSDaR26_GAF,20_GAF_B_day_out_mov,rgb_12mp_middle,114,114_1638361381.400000095.png
1966,img_1966_val.png,images/val/img_1966_val.png,val,4112,2504,OSDaR26_GAF,20_GAF_B_day_out_mov,rgb_12mp_right,114,114_1638361381.400000095.png
1967,img_1967_val.png,images/val/img_1967_val.png,val,4112,2504,OSDaR26_GAF,20_GAF_B_day_out_mov,rgb_12mp_left,133,133_1638361383.299999952.png
1968,img_1968_val.png,images/val/img_1968_val.png,val,4112,2504,OSDaR26_GAF,20_GAF_B_day_out_mov,rgb_12mp_left,152,152_1638361385.200000048.png
1969,img_1969_val.png,images/val/img_1969_val.png,val,4112,2504,OSDaR26_GAF,20_GAF_B_day_out_mov,rgb_12mp_middle,152,152_1638361385.200000048.png
1970,img_1970_val.png,images/val/img_1970_val.png,val,4112,2504,OSDaR26_GAF,20_GAF_B_day_out_mov,rgb_12mp_right,152,152_1638361385.200000048.png
1971,img_1971_val.png,images/val/img_1971_val.png,val,4112,2504,GAF,2021-12-01_13-52-27__2021-12-01_14-46-57+26,rgb_12mp_middle,0,000_1638370017.099999905.png
1972,img_1972_val.png,images/val/img_1972_val.png,val,4112,2504,GAF,2021-12-01_13-52-27__2021-12-01_14-46-57+26,rgb_12mp_middle,93,093_1638370026.400000095.png
1973,img_1973_val.png,images/val/img_1973_val.png,val,4112,2504,GAF,2021-12-01_13-52-27__2021-12-01_14-46-57+26,rgb_12mp_right,117,117_1638370028.799999952.png
1974,img_1974_val.png,images/val/img_1974_val.png,val,4112,2504,GAF,2021-12-01_13-52-27__2021-12-01_14-46-57+26,rgb_12mp_right,142,142_1638370031.299999952.png
1975,img_1975_val.png,images/val/img_1975_val.png,val,4112,2504,GAF,2021-12-01_13-52-27__2021-12-01_14-46-57+26,rgb_12mp_middle,193,193_1638370036.400000095.png
1976,img_1976_val.png,images/val/img_1976_val.png,val,4112,2504,GAF,2021-12-01_13-52-27__2021-12-01_14-46-57+26,rgb_12mp_right,246,246_1638370041.700000048.png
1977,img_1977_val.png,images/val/img_1977_val.png,val,5472,3648,S4R,25-09-16–2023-03-14_11-38-53,center,0,frame_083.png
1978,img_1978_val.png,images/val/img_1978_val.png,val,5472,3648,S4R,25-09-16–2023-03-14_11-38-53,center,3,frame_084.png
1979,img_1979_val.png,images/val/img_1979_val.png,val,5472,3648,S4R,25-09-16–2023-03-14_11-38-53,center,5,frame_085.png
1980,img_1980_val.png,images/val/img_1980_val.png,val,5472,3648,S4R,25-09-16–2023-03-14_11-38-53,center,11,frame_086.png
1981,img_1981_val.png,images/val/img_1981_val.png,val,5472,3648,S4R,25-09-16–2023-03-14_11-38-53,center,13,frame_087.png
1982,img_1982_val.png,images/val/img_1982_val.png,val,5472,3648,S4R,25-09-16–2023-03-14_11-38-53,center,17,frame_088.png
1983,img_1983_val.png,images/val/img_1983_val.png,val,5472,3648,S4R,25-09-16–2023-03-14_11-38-53,center,22,frame_089.png
1984,img_1984_val.png,images/val/img_1984_val.png,val,5472,3648,S4R,25-09-16–2023-03-14_11-38-53,center,26,frame_090.png
1985,img_1985_val.png,images/val/img_1985_val.png,val,5472,3648,S4R,25-09-16–2023-03-14_11-38-53,center,32,frame_091.png
1986,img_1986_val.png,images/val/img_1986_val.png,val,5472,3648,S4R,25-09-16–2023-03-14_11-38-53,center,33,frame_092.png
1987,img_1987_val.png,images/val/img_1987_val.png,val,5472,3648,S4R,25-09-16–2023-03-14_11-38-53,center,38,frame_093.png
1988,img_1988_val.png,images/val/img_1988_val.png,val,5472,3648,S4R,25-09-16–2023-03-14_11-38-53,center,41,frame_094.png
1989,img_1989_val.png,images/val/img_1989_val.png,val,5472,3648,S4R,25-09-16–2023-03-14_11-38-53,center,47,frame_095.png
1990,img_1990_val.png,images/val/img_1990_val.png,val,5472,3648,S4R,25-09-16–2023-03-14_11-38-53,center,48,frame_096.png
1991,img_1991_val.png,images/val/img_1991_val.png,val,5472,3648,S4R,25-09-16–2023-03-14_11-38-53,center,50,frame_097.png
1992,img_1992_val.png,images/val/img_1992_val.png,val,5472,3648,S4R,25-09-16–2023-03-14_11-38-53,center,51,frame_098.png
1993,img_1993_val.png,images/val/img_1993_val.png,val,5472,3648,S4R,25-09-16–2023-03-14_11-38-53,center,55,frame_099.png
1994,img_1994_val.png,images/val/img_1994_val.png,val,5472,3648,S4R,25-09-16–2023-03-14_11-38-53,center,66,frame_100.png
1995,img_1995_val.png,images/val/img_1995_val.png,val,5472,3648,S4R,25-09-16–2023-03-14_11-38-53,center,77,frame_101.png
1996,img_1996_val.png,images/val/img_1996_val.png,val,5472,3648,S4R,25-09-16–2023-03-14_11-38-53,center,78,frame_102.png
1997,img_1997_val.png,images/val/img_1997_val.png,val,5472,3648,S4R,25-09-16–2023-03-14_11-38-53,center,81,frame_103.png
1998,img_1998_val.png,images/val/img_1998_val.png,val,5472,3648,S4R,25-09-16–2023-03-14_11-38-53,center,82,frame_104.png
1999,img_1999_val.png,images/val/img_1999_val.png,val,5472,3648,S4R,25-09-16–2023-03-14_11-38-53,center,83,frame_105.png
2000,img_2000_val.png,images/val/img_2000_val.png,val,5472,3648,S4R,25-09-16–2023-03-14_11-38-53,center,85,frame_106.png
2001,img_2001_test.png,images/test/img_2001_test.png,test,4112,2504,GAF,25-09-18–2021-11-30_12-54-33,center,0,frame_128.png
2002,img_2002_test.png,images/test/img_2002_test.png,test,4112,2504,GAF,25-09-18–2021-11-30_12-54-33,center,3,frame_129.png
2003,img_2003_test.png,images/test/img_2003_test.png,test,4112,2504,GAF,25-09-18–2021-11-30_12-54-33,center,10,frame_130.png
2004,img_2004_test.png,images/test/img_2004_test.png,test,4112,2504,GAF,25-09-18–2021-11-30_12-54-33,center,15,frame_131.png
2005,img_2005_test.png,images/test/img_2005_test.png,test,4112,2504,GAF,25-09-18–2021-11-30_12-54-33,center,25,frame_132.png
2006,img_2006_test.png,images/test/img_2006_test.png,test,4112,2504,GAF,25-09-18–2021-11-30_12-54-33,center,28,frame_133.png
2007,img_2007_test.png,images/test/img_2007_test.png,test,4112,2504,GAF,25-09-18–2021-11-30_12-54-33,center,31,frame_134.png
2008,img_2008_test.png,images/test/img_2008_test.png,test,4112,2504,GAF,25-09-18–2021-11-30_12-54-33,center,35,frame_135.png
2009,img_2009_test.png,images/test/img_2009_test.png,test,4112,2504,GAF,25-09-18–2021-11-30_12-54-33,center,39,frame_136.png
2010,img_2010_test.png,images/test/img_2010_test.png,test,4112,2504,GAF,25-09-18–2021-11-30_12-54-33,center,46,frame_137.png
2011,img_2011_test.png,images/test/img_2011_test.png,test,4112,2504,GAF,25-09-18–2021-11-30_12-54-33,center,47,frame_138.png
2012,img_2012_test.png,images/test/img_2012_test.png,test,4112,2504,GAF,25-09-18–2021-11-30_12-54-33,center,56,frame_139.png
2013,img_2013_test.png,images/test/img_2013_test.png,test,4112,2504,GAF,25-09-18–2021-11-30_12-54-33,center,62,frame_140.png
2014,img_2014_test.png,images/test/img_2014_test.png,test,4112,2504,GAF,25-09-18–2021-11-30_12-54-33,center,67,frame_141.png
2015,img_2015_test.png,images/test/img_2015_test.png,test,4112,2504,GAF,25-09-18–2021-11-30_12-54-33,center,73,frame_142.png
2016,img_2016_test.png,images/test/img_2016_test.png,test,4112,2504,GAF,25-09-18–2021-11-30_12-54-33,center,74,frame_143.png
2017,img_2017_test.png,images/test/img_2017_test.png,test,4112,2504,GAF,25-09-18–2021-11-30_12-54-33,center,84,frame_144.png
2018,img_2018_test.png,images/test/img_2018_test.png,test,4112,2504,GAF,25-09-18–2021-11-30_12-54-33,center,90,frame_145.png
2019,img_2019_test.png,images/test/img_2019_test.png,test,4112,2504,GAF,25-09-18–2021-11-30_12-54-33,center,93,frame_146.png
2020,img_2020_test.png,images/test/img_2020_test.png,test,4112,2504,GAF,25-09-18–2021-11-30_12-54-33,center,101,frame_147.png
2021,img_2021_test.png,images/test/img_2021_test.png,test,4112,2504,GAF,25-09-18–2021-11-30_12-54-33,center,104,frame_148.png
2022,img_2022_test.png,images/test/img_2022_test.png,test,3840,2160,Goettingen_Hannover,scene_01,center,7,frame_0007.png
2023,img_2023_test.png,images/test/img_2023_test.png,test,3840,2160,Goettingen_Hannover,scene_01,center,23,frame_0023.png
2024,img_2024_test.png,images/test/img_2024_test.png,test,3840,2160,Goettingen_Hannover,scene_01,center,41,frame_0041.png
2025,img_2025_test.png,images/test/img_2025_test.png,test,3840,2160,Goettingen_Hannover,scene_01,center,56,frame_0056.png
2026,img_2026_test.png,images/test/img_2026_test.png,test,3840,2160,Goettingen_Hannover,scene_01,center,65,frame_0065.png
2027,img_2027_test.png,images/test/img_2027_test.png,test,3840,2160,Goettingen_Hannover,scene_01,center,72,frame_0072.png
2028,img_2028_test.png,images/test/img_2028_test.png,test,3840,2160,Goettingen_Hannover,scene_01,center,87,frame_0087.png
2029,img_2029_test.png,images/test/img_2029_test.png,test,3840,2160,Goettingen_Hannover,scene_01,center,101,frame_0101.png
2030,img_2030_test.png,images/test/img_2030_test.png,test,3840,2160,Goettingen_Hannover,scene_01,center,117,frame_0117.png
2031,img_2031_test.png,images/test/img_2031_test.png,test,3840,2160,Goettingen_Hannover,scene_01,center,124,frame_0124.png
2032,img_2032_test.png,images/test/img_2032_test.png,test,3840,2160,Goettingen_Hannover,scene_01,center,179,frame_0179.png
2033,img_2033_test.png,images/test/img_2033_test.png,test,3840,2160,Goettingen_Hannover,scene_01,center,194,frame_0194.png
2034,img_2034_test.png,images/test/img_2034_test.png,test,3840,2160,Goettingen_Hannover,scene_01,center,204,frame_0204.png
2035,img_2035_test.png,images/test/img_2035_test.png,test,3840,2160,Goettingen_Hannover,scene_01,center,219,frame_0219.png
2036,img_2036_test.png,images/test/img_2036_test.png,test,3840,2160,Goettingen_Hannover,scene_01,center,223,frame_0223.png
2037,img_2037_test.png,images/test/img_2037_test.png,test,3840,2160,Goettingen_Hannover,scene_01,center,240,frame_0240.png
2038,img_2038_test.png,images/test/img_2038_test.png,test,3840,2160,Goettingen_Hannover,scene_01,center,254,frame_0254.png
2039,img_2039_test.png,images/test/img_2039_test.png,test,3840,2160,Goettingen_Hannover,scene_01,center,262,frame_0262.png
2040,img_2040_test.png,images/test/img_2040_test.png,test,3840,2160,Goettingen_Hannover,scene_01,center,265,frame_0265.png
2041,img_2041_test.png,images/test/img_2041_test.png,test,3840,2160,Goettingen_Hannover,scene_01,center,275,frame_0275.png
2042,img_2042_test.png,images/test/img_2042_test.png,test,3840,2160,Goettingen_Hannover,scene_01,center,278,frame_0278.png
2043,img_2043_test.png,images/test/img_2043_test.png,test,3840,2160,Goettingen_Hannover,scene_01,center,334,frame_0334.png
2044,img_2044_test.png,images/test/img_2044_test.png,test,3840,2160,Goettingen_Hannover,scene_01,center,360,frame_0360.png
2045,img_2045_test.png,images/test/img_2045_test.png,test,3840,2160,Goettingen_Hannover,scene_01,center,394,frame_0394.png
2046,img_2046_test.png,images/test/img_2046_test.png,test,3840,2160,Goettingen_Hannover,scene_01,center,419,frame_0419.png
2047,img_2047_test.png,images/test/img_2047_test.png,test,3840,2160,Goettingen_Hannover,scene_01,center,434,frame_0434.png
2048,img_2048_test.png,images/test/img_2048_test.png,test,3840,2160,Goettingen_Hannover,scene_01,center,616,frame_0616.png
2049,img_2049_test.png,images/test/img_2049_test.png,test,3840,2160,Goettingen_Hannover,scene_01,center,643,frame_0643.png
2050,img_2050_test.png,images/test/img_2050_test.png,test,3840,2160,Goettingen_Hannover,scene_01,center,666,frame_0666.png
2051,img_2051_test.png,images/test/img_2051_test.png,test,3840,2160,Goettingen_Hannover,scene_01,center,905,frame_0905.png
2052,img_2052_test.png,images/test/img_2052_test.png,test,3840,2160,Goettingen_Hannover,scene_01,center,908,frame_0908.png
2053,img_2053_test.png,images/test/img_2053_test.png,test,3840,2160,Goettingen_Hannover,scene_01,center,920,frame_0920.png
2054,img_2054_test.png,images/test/img_2054_test.png,test,3840,2160,Goettingen_Hannover,scene_01,center,1144,frame_1144.png
2055,img_2055_test.png,images/test/img_2055_test.png,test,3840,2160,Goettingen_Hannover,scene_01,center,1146,frame_1146.png
2056,img_2056_test.png,images/test/img_2056_test.png,test,3840,2160,Goettingen_Hannover,scene_01,center,1174,frame_1174.png
2057,img_2057_test.png,images/test/img_2057_test.png,test,3840,2160,Goettingen_Hannover,scene_01,center,1199,frame_1199.png
2058,img_2058_test.png,images/test/img_2058_test.png,test,3840,2160,Goettingen_Hannover,scene_01,center,1430,frame_1430.png
2059,img_2059_test.png,images/test/img_2059_test.png,test,3840,2160,Goettingen_Hannover,scene_01,center,1448,frame_1448.png
2060,img_2060_test.png,images/test/img_2060_test.png,test,3840,2160,Goettingen_Hannover,scene_01,center,1475,frame_1475.png
2061,img_2061_test.png,images/test/img_2061_test.png,test,3840,2160,Goettingen_Hannover,scene_01,center,1479,frame_1479.png
2062,img_2062_test.png,images/test/img_2062_test.png,test,3840,2160,Goettingen_Hannover,scene_01,center,1492,frame_1492.png
2063,img_2063_test.png,images/test/img_2063_test.png,test,3840,2160,Goettingen_Hannover,scene_01,center,1494,frame_1494.png
2064,img_2064_test.png,images/test/img_2064_test.png,test,3840,2160,Goettingen_Hannover,scene_01,center,1529,frame_1529.png
2065,img_2065_test.png,images/test/img_2065_test.png,test,3840,2160,Goettingen_Hannover,scene_01,center,1585,frame_1585.png
2066,img_2066_test.png,images/test/img_2066_test.png,test,3840,2160,Goettingen_Hannover,scene_01,center,1603,frame_1603.png
2067,img_2067_test.png,images/test/img_2067_test.png,test,3840,2160,Goettingen_Hannover,scene_01,center,1617,frame_1617.png
2068,img_2068_test.png,images/test/img_2068_test.png,test,3840,2160,Goettingen_Hannover,scene_01,center,1658,frame_1658.png
2069,img_2069_test.png,images/test/img_2069_test.png,test,3840,2160,Goettingen_Hannover,scene_01,center,1661,frame_1661.png
2070,img_2070_test.png,images/test/img_2070_test.png,test,3840,2160,Goettingen_Hannover,scene_01,center,1665,frame_1665.png
2071,img_2071_test.png,images/test/img_2071_test.png,test,3840,2160,Goettingen_Hannover,scene_01,center,1668,frame_1668.png
2072,img_2072_test.png,images/test/img_2072_test.png,test,3840,2160,Goettingen_Hannover,scene_01,center,1672,frame_1672.png
2073,img_2073_test.png,images/test/img_2073_test.png,test,3840,2160,Goettingen_Hannover,scene_01,center,1676,frame_1676.png
2074,img_2074_test.png,images/test/img_2074_test.png,test,3840,2160,Goettingen_Hannover,scene_01,center,1679,frame_1679.png
2075,img_2075_test.png,images/test/img_2075_test.png,test,3840,2160,Goettingen_Hannover,scene_01,center,1719,frame_1719.png
2076,img_2076_test.png,images/test/img_2076_test.png,test,3840,2160,Goettingen_Hannover,scene_01,center,1769,frame_1769.png
2077,img_2077_test.png,images/test/img_2077_test.png,test,3840,2160,Goettingen_Hannover,scene_01,center,1790,frame_1790.png
2078,img_2078_test.png,images/test/img_2078_test.png,test,3840,2160,Goettingen_Hannover,scene_01,center,1914,frame_1914.png
2079,img_2079_test.png,images/test/img_2079_test.png,test,3840,2160,Goettingen_Hannover,scene_01,center,1930,frame_1930.png
2080,img_2080_test.png,images/test/img_2080_test.png,test,3840,2160,Goettingen_Hannover,scene_01,center,1935,frame_1935.png
2081,img_2081_test.png,images/test/img_2081_test.png,test,3840,2160,Goettingen_Hannover,scene_01,center,1938,frame_1938.png
2082,img_2082_test.png,images/test/img_2082_test.png,test,3840,2160,Goettingen_Hannover,scene_01,center,1941,frame_1941.png
2083,img_2083_test.png,images/test/img_2083_test.png,test,3840,2160,Goettingen_Hannover,scene_01,center,1944,frame_1944.png
2084,img_2084_test.png,images/test/img_2084_test.png,test,3840,2160,Goettingen_Hannover,scene_01,center,1947,frame_1947.png
2085,img_2085_test.png,images/test/img_2085_test.png,test,3840,2160,Goettingen_Hannover,scene_01,center,1952,frame_1952.png
2086,img_2086_test.png,images/test/img_2086_test.png,test,3840,2160,Goettingen_Hannover,scene_01,center,1962,frame_1962.png
2087,img_2087_test.png,images/test/img_2087_test.png,test,3840,2160,Goettingen_Hannover,scene_01,center,1980,frame_1980.png
2088,img_2088_test.png,images/test/img_2088_test.png,test,3840,2160,Hamburg_Bremen,scene_07,center,74,IMG_0510_frame_0074.png
2089,img_2089_test.png,images/test/img_2089_test.png,test,3840,2160,Hamburg_Bremen,scene_07,center,134,IMG_0510_frame_0134.png
2090,img_2090_test.png,images/test/img_2090_test.png,test,3840,2160,Hamburg_Bremen,scene_07,center,218,IMG_0510_frame_0218.png
2091,img_2091_test.png,images/test/img_2091_test.png,test,3840,2160,Hamburg_Bremen,scene_07,center,265,IMG_0510_frame_0265.png
2092,img_2092_test.png,images/test/img_2092_test.png,test,3840,2160,Hamburg_Bremen,scene_07,center,311,IMG_0510_frame_0311.png
2093,img_2093_test.png,images/test/img_2093_test.png,test,3840,2160,Hamburg_Bremen,scene_07,center,505,IMG_0510_frame_0505.png
2094,img_2094_test.png,images/test/img_2094_test.png,test,3840,2160,Hamburg_Bremen,scene_07,center,1473,IMG_0510_frame_1473.png
2095,img_2095_test.png,images/test/img_2095_test.png,test,3840,2160,Hamburg_Bremen,scene_07,center,1638,IMG_0510_frame_1638.png
2096,img_2096_test.png,images/test/img_2096_test.png,test,3840,2160,Hamburg_Bremen,scene_07,center,2302,IMG_0510_frame_2302.png
2097,img_2097_test.png,images/test/img_2097_test.png,test,3840,2160,Hamburg_Bremen,scene_07,center,2385,IMG_0510_frame_2385.png
2098,img_2098_test.png,images/test/img_2098_test.png,test,3840,2160,Hamburg_Bremen,scene_07,center,2475,IMG_0510_frame_2475.png
2099,img_2099_test.png,images/test/img_2099_test.png,test,3840,2160,Hamburg_Bremen,scene_07,center,2622,IMG_0510_frame_2622.png
2100,img_2100_test.png,images/test/img_2100_test.png,test,3840,2160,Hamburg_Bremen,scene_07,center,2764,IMG_0510_frame_2764.png
2101,img_2101_test.png,images/test/img_2101_test.png,test,3840,2160,Hamburg_Bremen,scene_07,center,2778,IMG_0510_frame_2778.png
2102,img_2102_test.png,images/test/img_2102_test.png,test,3840,2160,Hamburg_Bremen,scene_07,center,2888,IMG_0510_frame_2888.png
2103,img_2103_test.png,images/test/img_2103_test.png,test,3840,2160,Hamburg_Bremen,scene_07,center,2919,IMG_0510_frame_2919.png
2104,img_2104_test.png,images/test/img_2104_test.png,test,3840,2160,Hamburg_Bremen,scene_07,center,3061,IMG_0510_frame_3061.png
2105,img_2105_test.png,images/test/img_2105_test.png,test,3840,2160,Hamburg_Bremen,scene_07,center,3476,IMG_0510_frame_3476.png
2106,img_2106_test.png,images/test/img_2106_test.png,test,3840,2160,Hamburg_Bremen,scene_07,center,3488,IMG_0510_frame_3488.png
2107,img_2107_test.png,images/test/img_2107_test.png,test,3840,2160,Hamburg_Bremen,scene_07,center,3492,IMG_0510_frame_3492.png
2108,img_2108_test.png,images/test/img_2108_test.png,test,3840,2160,Hamburg_Bremen,scene_07,center,3507,IMG_0510_frame_3507.png
2109,img_2109_test.png,images/test/img_2109_test.png,test,3840,2160,Hannover_BadBentheim,scene_02,center,1,DSC_0074_frame_001.png
2110,img_2110_test.png,images/test/img_2110_test.png,test,3840,2160,Hannover_BadBentheim,scene_02,center,13,DSC_0074_frame_013.png
2111,img_2111_test.png,images/test/img_2111_test.png,test,3840,2160,Hannover_BadBentheim,scene_02,center,16,DSC_0074_frame_016.png
2112,img_2112_test.png,images/test/img_2112_test.png,test,3840,2160,Hannover_BadBentheim,scene_02,center,25,DSC_0074_frame_025.png
2113,img_2113_test.png,images/test/img_2113_test.png,test,3840,2160,Hannover_BadBentheim,scene_02,center,38,DSC_0074_frame_038.png
2114,img_2114_test.png,images/test/img_2114_test.png,test,3840,2160,Hannover_BadBentheim,scene_02,center,50,DSC_0074_frame_050.png
2115,img_2115_test.png,images/test/img_2115_test.png,test,3840,2160,Hannover_BadBentheim,scene_02,center,57,DSC_0074_frame_057.png
2116,img_2116_test.png,images/test/img_2116_test.png,test,3840,2160,Hannover_BadBentheim,scene_02,center,65,DSC_0074_frame_065.png
2117,img_2117_test.png,images/test/img_2117_test.png,test,3840,2160,Hannover_BadBentheim,scene_02,center,73,DSC_0074_frame_073.png
2118,img_2118_test.png,images/test/img_2118_test.png,test,3840,2160,Hannover_BadBentheim,scene_02,center,77,DSC_0074_frame_077.png
2119,img_2119_test.png,images/test/img_2119_test.png,test,3840,2160,Hannover_BadBentheim,scene_02,center,84,DSC_0074_frame_084.png
2120,img_2120_test.png,images/test/img_2120_test.png,test,3840,2160,Hannover_BadBentheim,scene_02,center,89,DSC_0074_frame_089.png
2121,img_2121_test.png,images/test/img_2121_test.png,test,3840,2160,Hannover_BadBentheim,scene_02,center,96,DSC_0074_frame_096.png
2122,img_2122_test.png,images/test/img_2122_test.png,test,3840,2160,Hannover_BadBentheim,scene_02,center,99,DSC_0074_frame_099.png
2123,img_2123_test.png,images/test/img_2123_test.png,test,3840,2160,Hannover_BadBentheim,scene_02,center,102,DSC_0074_frame_102.png
2124,img_2124_test.png,images/test/img_2124_test.png,test,3840,2160,Hannover_BadBentheim,scene_02,center,108,DSC_0074_frame_108.png
2125,img_2125_test.png,images/test/img_2125_test.png,test,3840,2160,Hannover_BadBentheim,scene_02,center,265,DSC_0074_frame_265.png
2126,img_2126_test.png,images/test/img_2126_test.png,test,3840,2160,Hannover_BadBentheim,scene_02,center,274,DSC_0074_frame_274.png
2127,img_2127_test.png,images/test/img_2127_test.png,test,3840,2160,Hannover_BadBentheim,scene_02,center,282,DSC_0074_frame_282.png
2128,img_2128_test.png,images/test/img_2128_test.png,test,3840,2160,Hannover_BadBentheim,scene_02,center,289,DSC_0074_frame_289.png
2129,img_2129_test.png,images/test/img_2129_test.png,test,3840,2160,Hannover_BadBentheim,scene_02,center,294,DSC_0074_frame_294.png
2130,img_2130_test.png,images/test/img_2130_test.png,test,3840,2160,Hannover_BadBentheim,scene_02,center,310,DSC_0074_frame_310.png
2131,img_2131_test.png,images/test/img_2131_test.png,test,3840,2160,Hannover_BadBentheim,scene_02,center,314,DSC_0074_frame_314.png
2132,img_2132_test.png,images/test/img_2132_test.png,test,3840,2160,Hannover_BadBentheim,scene_02,center,320,DSC_0074_frame_320.png
2133,img_2133_test.png,images/test/img_2133_test.png,test,3840,2160,Hannover_BadBentheim,scene_02,center,329,DSC_0074_frame_329.png
2134,img_2134_test.png,images/test/img_2134_test.png,test,3840,2160,Hannover_BadBentheim,scene_02,center,338,DSC_0074_frame_338.png
2135,img_2135_test.png,images/test/img_2135_test.png,test,3840,2160,Hannover_BadBentheim,scene_02,center,353,DSC_0074_frame_353.png
2136,img_2136_test.png,images/test/img_2136_test.png,test,3840,2160,Hannover_BadBentheim,scene_02,center,367,DSC_0074_frame_367.png
2137,img_2137_test.png,images/test/img_2137_test.png,test,3840,2160,Hannover_BadBentheim,scene_02,center,377,DSC_0074_frame_377.png
2138,img_2138_test.png,images/test/img_2138_test.png,test,3840,2160,Hannover_BadBentheim,scene_02,center,382,DSC_0074_frame_382.png
2139,img_2139_test.png,images/test/img_2139_test.png,test,3840,2160,Hannover_BadBentheim,scene_02,center,389,DSC_0074_frame_389.png
2140,img_2140_test.png,images/test/img_2140_test.png,test,3840,2160,Hannover_BadBentheim,scene_02,center,406,DSC_0074_frame_406.png
2141,img_2141_test.png,images/test/img_2141_test.png,test,3840,2160,Hannover_BadBentheim,scene_02,center,424,DSC_0074_frame_424.png
2142,img_2142_test.png,images/test/img_2142_test.png,test,3840,2160,Hannover_BadBentheim,scene_02,center,429,DSC_0074_frame_429.png
2143,img_2143_test.png,images/test/img_2143_test.png,test,3840,2160,Hannover_BadBentheim,scene_02,center,437,DSC_0074_frame_437.png
2144,img_2144_test.png,images/test/img_2144_test.png,test,3840,2160,Hannover_BadBentheim,scene_02,center,443,DSC_0074_frame_443.png
2145,img_2145_test.png,images/test/img_2145_test.png,test,3840,2160,Hannover_BadBentheim,scene_02,center,449,DSC_0074_frame_449.png
2146,img_2146_test.png,images/test/img_2146_test.png,test,3840,2160,Hannover_BadBentheim,scene_02,center,455,DSC_0074_frame_455.png
2147,img_2147_test.png,images/test/img_2147_test.png,test,3840,2160,Hannover_BadBentheim,scene_02,center,460,DSC_0074_frame_460.png
2148,img_2148_test.png,images/test/img_2148_test.png,test,3840,2160,Hannover_BadBentheim,scene_02,center,476,DSC_0074_frame_476.png
2149,img_2149_test.png,images/test/img_2149_test.png,test,3840,2160,Hannover_BadBentheim,scene_02,center,481,DSC_0074_frame_481.png
2150,img_2150_test.png,images/test/img_2150_test.png,test,3840,2160,Hannover_BadBentheim,scene_02,center,487,DSC_0074_frame_487.png
2151,img_2151_test.png,images/test/img_2151_test.png,test,3840,2160,Hannover_BadBentheim,scene_02,center,489,DSC_0074_frame_489.png
2152,img_2152_test.png,images/test/img_2152_test.png,test,3840,2160,Hannover_BadBentheim,scene_02,center,492,DSC_0074_frame_492.png
2153,img_2153_test.png,images/test/img_2153_test.png,test,3840,2160,Hannover_BadBentheim,scene_02,center,497,DSC_0074_frame_497.png
2154,img_2154_test.png,images/test/img_2154_test.png,test,3840,2160,Hannover_BadBentheim,scene_02,center,503,DSC_0074_frame_503.png
2155,img_2155_test.png,images/test/img_2155_test.png,test,3840,2160,Hannover_BadBentheim,scene_02,center,507,DSC_0074_frame_507.png
2156,img_2156_test.png,images/test/img_2156_test.png,test,3840,2160,Hannover_BadBentheim,scene_02,center,512,DSC_0074_frame_512.png
2157,img_2157_test.png,images/test/img_2157_test.png,test,3840,2160,Hannover_BadBentheim,scene_02,center,515,DSC_0074_frame_515.png
2158,img_2158_test.png,images/test/img_2158_test.png,test,3840,2160,Hannover_BadBentheim,scene_02,center,518,DSC_0074_frame_518.png
2159,img_2159_test.png,images/test/img_2159_test.png,test,3840,2160,Hannover_BadBentheim,scene_02,center,522,DSC_0074_frame_522.png
2160,img_2160_test.png,images/test/img_2160_test.png,test,3840,2160,Hannover_BadBentheim,scene_02,center,527,DSC_0074_frame_527.png
2161,img_2161_test.png,images/test/img_2161_test.png,test,3840,2160,Hannover_BadBentheim,scene_02,center,534,DSC_0074_frame_534.png
2162,img_2162_test.png,images/test/img_2162_test.png,test,3840,2160,Hannover_BadBentheim,scene_02,center,539,DSC_0074_frame_539.png
2163,img_2163_test.png,images/test/img_2163_test.png,test,3840,2160,Hannover_BadBentheim,scene_02,center,544,DSC_0074_frame_544.png
2164,img_2164_test.png,images/test/img_2164_test.png,test,3840,2160,Hannover_BadBentheim,scene_02,center,547,DSC_0074_frame_547.png
2165,img_2165_test.png,images/test/img_2165_test.png,test,3840,2160,Hannover_BadBentheim,scene_02,center,554,DSC_0074_frame_554.png
2166,img_2166_test.png,images/test/img_2166_test.png,test,3840,2160,Hannover_BadBentheim,scene_02,center,559,DSC_0074_frame_559.png
2167,img_2167_test.png,images/test/img_2167_test.png,test,3840,2160,Hannover_BadBentheim,scene_02,center,567,DSC_0074_frame_567.png
2168,img_2168_test.png,images/test/img_2168_test.png,test,3840,2160,Hannover_BadBentheim,scene_02,center,584,DSC_0074_frame_584.png
2169,img_2169_test.png,images/test/img_2169_test.png,test,3840,2160,Hannover_BadBentheim,scene_02,center,593,DSC_0074_frame_593.png
2170,img_2170_test.png,images/test/img_2170_test.png,test,3840,2160,Hannover_BadBentheim,scene_02,center,616,DSC_0074_frame_616.png
2171,img_2171_test.png,images/test/img_2171_test.png,test,3840,2160,Hannover_BadBentheim,scene_02,center,640,DSC_0074_frame_640.png
2172,img_2172_test.png,images/test/img_2172_test.png,test,3840,2160,Hannover_BadBentheim,scene_02,center,645,DSC_0074_frame_645.png
2173,img_2173_test.png,images/test/img_2173_test.png,test,3840,2160,Hannover_BadBentheim,scene_02,center,669,DSC_0074_frame_669.png
2174,img_2174_test.png,images/test/img_2174_test.png,test,3840,2160,Hannover_BadBentheim,scene_02,center,697,DSC_0074_frame_697.png
2175,img_2175_test.png,images/test/img_2175_test.png,test,3840,2160,Hannover_BadBentheim,scene_02,center,703,DSC_0074_frame_703.png
2176,img_2176_test.png,images/test/img_2176_test.png,test,3840,2160,Hannover_BadBentheim,scene_02,center,711,DSC_0074_frame_711.png
2177,img_2177_test.png,images/test/img_2177_test.png,test,3840,2160,Hannover_BadBentheim,scene_02,center,723,DSC_0074_frame_723.png
2178,img_2178_test.png,images/test/img_2178_test.png,test,3840,2160,Hannover_BadBentheim,scene_02,center,734,DSC_0074_frame_734.png
2179,img_2179_test.png,images/test/img_2179_test.png,test,3840,2160,Hannover_BadBentheim,scene_02,center,739,DSC_0074_frame_739.png
2180,img_2180_test.png,images/test/img_2180_test.png,test,3840,2160,Hannover_BadBentheim,scene_02,center,745,DSC_0074_frame_745.png
2181,img_2181_test.png,images/test/img_2181_test.png,test,3840,2160,Hannover_BadBentheim,scene_02,center,748,DSC_0074_frame_748.png
2182,img_2182_test.png,images/test/img_2182_test.png,test,3840,2160,Hannover_BadBentheim,scene_02,center,750,DSC_0074_frame_750.png
2183,img_2183_test.png,images/test/img_2183_test.png,test,3840,2160,Hannover_BadBentheim,scene_02,center,755,DSC_0074_frame_755.png
2184,img_2184_test.png,images/test/img_2184_test.png,test,3840,2160,Hannover_BadBentheim,scene_02,center,759,DSC_0074_frame_759.png
2185,img_2185_test.png,images/test/img_2185_test.png,test,3840,2160,Hannover_BadBentheim,scene_02,center,763,DSC_0074_frame_763.png
2186,img_2186_test.png,images/test/img_2186_test.png,test,3840,2160,Hannover_BadBentheim,scene_02,center,778,DSC_0074_frame_778.png
2187,img_2187_test.png,images/test/img_2187_test.png,test,3840,2160,Hannover_BadBentheim,scene_02,center,829,DSC_0074_frame_829.png
2188,img_2188_test.png,images/test/img_2188_test.png,test,3840,2160,Hannover_BadBentheim,scene_02,center,843,DSC_0074_frame_843.png
2189,img_2189_test.png,images/test/img_2189_test.png,test,3840,2160,Hannover_BadBentheim,scene_02,center,847,DSC_0074_frame_847.png
2190,img_2190_test.png,images/test/img_2190_test.png,test,3840,2160,Hannover_BadBentheim,scene_02,center,854,DSC_0074_frame_854.png
2191,img_2191_test.png,images/test/img_2191_test.png,test,3840,2160,Hannover_BadBentheim,scene_02,center,861,DSC_0074_frame_861.png
2192,img_2192_test.png,images/test/img_2192_test.png,test,3840,2160,Hannover_BadBentheim,scene_02,center,866,DSC_0074_frame_866.png
2193,img_2193_test.png,images/test/img_2193_test.png,test,3840,2160,Hannover_BadBentheim,scene_02,center,870,DSC_0074_frame_870.png
2194,img_2194_test.png,images/test/img_2194_test.png,test,3840,2160,Hannover_BadBentheim,scene_02,center,875,DSC_0074_frame_875.png
2195,img_2195_test.png,images/test/img_2195_test.png,test,3840,2160,Hannover_BadBentheim,scene_02,center,881,DSC_0074_frame_881.png
2196,img_2196_test.png,images/test/img_2196_test.png,test,3840,2160,Hannover_BadBentheim,scene_02,center,884,DSC_0074_frame_884.png
2197,img_2197_test.png,images/test/img_2197_test.png,test,3840,2160,Hannover_BadBentheim,scene_02,center,891,DSC_0074_frame_891.png
2198,img_2198_test.png,images/test/img_2198_test.png,test,3840,2160,Hannover_BadBentheim,scene_02,center,907,DSC_0074_frame_907.png
2199,img_2199_test.png,images/test/img_2199_test.png,test,3840,2160,Itzehoe_Westerland,scene_01,center,569,DSC_0234_frame_0569.png
2200,img_2200_test.png,images/test/img_2200_test.png,test,3840,2160,Itzehoe_Westerland,scene_01,center,579,DSC_0234_frame_0579.png
2201,img_2201_test.png,images/test/img_2201_test.png,test,3840,2160,Itzehoe_Westerland,scene_01,center,594,DSC_0234_frame_0594.png
2202,img_2202_test.png,images/test/img_2202_test.png,test,3840,2160,Itzehoe_Westerland,scene_01,center,616,DSC_0234_frame_0616.png
2203,img_2203_test.png,images/test/img_2203_test.png,test,3840,2160,Itzehoe_Westerland,scene_01,center,919,DSC_0234_frame_0919.png
2204,img_2204_test.png,images/test/img_2204_test.png,test,3840,2160,Itzehoe_Westerland,scene_01,center,923,DSC_0234_frame_0923.png
2205,img_2205_test.png,images/test/img_2205_test.png,test,3840,2160,Itzehoe_Westerland,scene_01,center,951,DSC_0234_frame_0951.png
2206,img_2206_test.png,images/test/img_2206_test.png,test,3840,2160,Itzehoe_Westerland,scene_01,center,959,DSC_0234_frame_0959.png
2207,img_2207_test.png,images/test/img_2207_test.png,test,3840,2160,Itzehoe_Westerland,scene_01,center,965,DSC_0234_frame_0965.png
2208,img_2208_test.png,images/test/img_2208_test.png,test,3840,2160,Leipzig_Hannover,scene_01,center,0,frame_0000.png
2209,img_2209_test.png,images/test/img_2209_test.png,test,3840,2160,Leipzig_Hannover,scene_01,center,62,frame_0062.png
2210,img_2210_test.png,images/test/img_2210_test.png,test,3840,2160,Leipzig_Hannover,scene_01,center,69,frame_0069.png
2211,img_2211_test.png,images/test/img_2211_test.png,test,3840,2160,Leipzig_Hannover,scene_01,center,79,frame_0079.png
2212,img_2212_test.png,images/test/img_2212_test.png,test,3840,2160,Leipzig_Hannover,scene_01,center,83,frame_0083.png
2213,img_2213_test.png,images/test/img_2213_test.png,test,3840,2160,Leipzig_Hannover,scene_01,center,87,frame_0087.png
2214,img_2214_test.png,images/test/img_2214_test.png,test,3840,2160,Leipzig_Hannover,scene_01,center,92,frame_0092.png
2215,img_2215_test.png,images/test/img_2215_test.png,test,3840,2160,Leipzig_Hannover,scene_01,center,97,frame_0097.png
2216,img_2216_test.png,images/test/img_2216_test.png,test,3840,2160,Leipzig_Hannover,scene_01,center,101,frame_0101.png
2217,img_2217_test.png,images/test/img_2217_test.png,test,3840,2160,Leipzig_Hannover,scene_01,center,106,frame_0106.png
2218,img_2218_test.png,images/test/img_2218_test.png,test,3840,2160,Leipzig_Hannover,scene_01,center,111,frame_0111.png
2219,img_2219_test.png,images/test/img_2219_test.png,test,3840,2160,Leipzig_Hannover,scene_01,center,116,frame_0116.png
2220,img_2220_test.png,images/test/img_2220_test.png,test,3840,2160,Leipzig_Hannover,scene_01,center,123,frame_0123.png
2221,img_2221_test.png,images/test/img_2221_test.png,test,3840,2160,Leipzig_Hannover,scene_01,center,134,frame_0134.png
2222,img_2222_test.png,images/test/img_2222_test.png,test,3840,2160,Leipzig_Hannover,scene_01,center,145,frame_0145.png
2223,img_2223_test.png,images/test/img_2223_test.png,test,3840,2160,Leipzig_Hannover,scene_01,center,149,frame_0149.png
2224,img_2224_test.png,images/test/img_2224_test.png,test,3840,2160,Leipzig_Hannover,scene_01,center,160,frame_0160.png
2225,img_2225_test.png,images/test/img_2225_test.png,test,3840,2160,Leipzig_Hannover,scene_01,center,165,frame_0165.png
2226,img_2226_test.png,images/test/img_2226_test.png,test,3840,2160,Leipzig_Hannover,scene_01,center,168,frame_0168.png
2227,img_2227_test.png,images/test/img_2227_test.png,test,3840,2160,Leipzig_Hannover,scene_01,center,181,frame_0181.png
2228,img_2228_test.png,images/test/img_2228_test.png,test,3840,2160,Leipzig_Hannover,scene_01,center,186,frame_0186.png
2229,img_2229_test.png,images/test/img_2229_test.png,test,3840,2160,Leipzig_Hannover,scene_01,center,197,frame_0197.png
2230,img_2230_test.png,images/test/img_2230_test.png,test,3840,2160,Leipzig_Hannover,scene_01,center,203,frame_0203.png
2231,img_2231_test.png,images/test/img_2231_test.png,test,3840,2160,Leipzig_Hannover,scene_01,center,209,frame_0209.png
2232,img_2232_test.png,images/test/img_2232_test.png,test,3840,2160,Leipzig_Hannover,scene_01,center,214,frame_0214.png
2233,img_2233_test.png,images/test/img_2233_test.png,test,3840,2160,Leipzig_Hannover,scene_01,center,218,frame_0218.png
2234,img_2234_test.png,images/test/img_2234_test.png,test,3840,2160,Leipzig_Hannover,scene_01,center,224,frame_0224.png
2235,img_2235_test.png,images/test/img_2235_test.png,test,3840,2160,Leipzig_Hannover,scene_01,center,228,frame_0228.png
2236,img_2236_test.png,images/test/img_2236_test.png,test,3840,2160,Leipzig_Hannover,scene_01,center,235,frame_0235.png
2237,img_2237_test.png,images/test/img_2237_test.png,test,3840,2160,Leipzig_Hannover,scene_01,center,243,frame_0243.png
2238,img_2238_test.png,images/test/img_2238_test.png,test,3840,2160,Leipzig_Hannover,scene_01,center,250,frame_0250.png
2239,img_2239_test.png,images/test/img_2239_test.png,test,3840,2160,Leipzig_Hannover,scene_01,center,257,frame_0257.png
2240,img_2240_test.png,images/test/img_2240_test.png,test,3840,2160,Leipzig_Hannover,scene_01,center,263,frame_0263.png
2241,img_2241_test.png,images/test/img_2241_test.png,test,3840,2160,Leipzig_Hannover,scene_01,center,270,frame_0270.png
2242,img_2242_test.png,images/test/img_2242_test.png,test,3840,2160,Leipzig_Hannover,scene_01,center,272,frame_0272.png
2243,img_2243_test.png,images/test/img_2243_test.png,test,3840,2160,Leipzig_Hannover,scene_01,center,274,frame_0274.png
2244,img_2244_test.png,images/test/img_2244_test.png,test,3840,2160,Leipzig_Hannover,scene_01,center,276,frame_0276.png
2245,img_2245_test.png,images/test/img_2245_test.png,test,3840,2160,Leipzig_Hannover,scene_01,center,280,frame_0280.png
2246,img_2246_test.png,images/test/img_2246_test.png,test,3840,2160,Leipzig_Hannover,scene_01,center,285,frame_0285.png
2247,img_2247_test.png,images/test/img_2247_test.png,test,3840,2160,Leipzig_Hannover,scene_01,center,288,frame_0288.png
2248,img_2248_test.png,images/test/img_2248_test.png,test,3840,2160,Leipzig_Hannover,scene_01,center,293,frame_0293.png
2249,img_2249_test.png,images/test/img_2249_test.png,test,3840,2160,Leipzig_Hannover,scene_01,center,296,frame_0296.png
2250,img_2250_test.png,images/test/img_2250_test.png,test,3840,2160,Leipzig_Hannover,scene_01,center,299,frame_0299.png
2251,img_2251_test.png,images/test/img_2251_test.png,test,3840,2160,Leipzig_Hannover,scene_01,center,303,frame_0303.png
2252,img_2252_test.png,images/test/img_2252_test.png,test,3840,2160,Leipzig_Hannover,scene_01,center,310,frame_0310.png
2253,img_2253_test.png,images/test/img_2253_test.png,test,3840,2160,Leipzig_Hannover,scene_01,center,315,frame_0315.png
2254,img_2254_test.png,images/test/img_2254_test.png,test,3840,2160,Leipzig_Hannover,scene_01,center,333,frame_0333.png
2255,img_2255_test.png,images/test/img_2255_test.png,test,3840,2160,Leipzig_Hannover,scene_01,center,340,frame_0340.png
2256,img_2256_test.png,images/test/img_2256_test.png,test,3840,2160,Leipzig_Hannover,scene_01,center,344,frame_0344.png
2257,img_2257_test.png,images/test/img_2257_test.png,test,3840,2160,Leipzig_Hannover,scene_01,center,359,frame_0359.png
2258,img_2258_test.png,images/test/img_2258_test.png,test,3840,2160,Leipzig_Hannover,scene_01,center,363,frame_0363.png
2259,img_2259_test.png,images/test/img_2259_test.png,test,3840,2160,Leipzig_Hannover,scene_01,center,376,frame_0376.png
2260,img_2260_test.png,images/test/img_2260_test.png,test,3840,2160,Leipzig_Hannover,scene_01,center,387,frame_0387.png
2261,img_2261_test.png,images/test/img_2261_test.png,test,3840,2160,Leipzig_Hannover,scene_01,center,390,frame_0390.png
2262,img_2262_test.png,images/test/img_2262_test.png,test,3840,2160,Leipzig_Hannover,scene_01,center,400,frame_0400.png
2263,img_2263_test.png,images/test/img_2263_test.png,test,3840,2160,Leipzig_Hannover,scene_01,center,502,frame_0502.png
2264,img_2264_test.png,images/test/img_2264_test.png,test,3840,2160,Leipzig_Hannover,scene_01,center,555,frame_0555.png
2265,img_2265_test.png,images/test/img_2265_test.png,test,3840,2160,Leipzig_Hannover,scene_01,center,572,frame_0572.png
2266,img_2266_test.png,images/test/img_2266_test.png,test,3840,2160,Leipzig_Hannover,scene_01,center,578,frame_0578.png
2267,img_2267_test.png,images/test/img_2267_test.png,test,3840,2160,Leipzig_Hannover,scene_01,center,593,frame_0593.png
2268,img_2268_test.png,images/test/img_2268_test.png,test,3840,2160,Leipzig_Hannover,scene_01,center,599,frame_0599.png
2269,img_2269_test.png,images/test/img_2269_test.png,test,3840,2160,Leipzig_Hannover,scene_01,center,601,frame_0601.png
2270,img_2270_test.png,images/test/img_2270_test.png,test,3840,2160,Leipzig_Hannover,scene_01,center,602,frame_0602.png
2271,img_2271_test.png,images/test/img_2271_test.png,test,3840,2160,Leipzig_Hannover,scene_01,center,604,frame_0604.png
2272,img_2272_test.png,images/test/img_2272_test.png,test,3840,2160,Leipzig_Hannover,scene_01,center,606,frame_0606.png
2273,img_2273_test.png,images/test/img_2273_test.png,test,3840,2160,Leipzig_Hannover,scene_01,center,611,frame_0611.png
2274,img_2274_test.png,images/test/img_2274_test.png,test,3840,2160,Leipzig_Hannover,scene_01,center,615,frame_0615.png
2275,img_2275_test.png,images/test/img_2275_test.png,test,3840,2160,Leipzig_Hannover,scene_01,center,618,frame_0618.png
2276,img_2276_test.png,images/test/img_2276_test.png,test,3840,2160,Leipzig_Hannover,scene_01,center,625,frame_0625.png
2277,img_2277_test.png,images/test/img_2277_test.png,test,3840,2160,Leipzig_Hannover,scene_01,center,631,frame_0631.png
2278,img_2278_test.png,images/test/img_2278_test.png,test,3840,2160,Leipzig_Hannover,scene_01,center,636,frame_0636.png
2279,img_2279_test.png,images/test/img_2279_test.png,test,3840,2160,Leipzig_Hannover,scene_01,center,656,frame_0656.png
2280,img_2280_test.png,images/test/img_2280_test.png,test,3840,2160,Leipzig_Hannover,scene_01,center,662,frame_0662.png
2281,img_2281_test.png,images/test/img_2281_test.png,test,3840,2160,Leipzig_Hannover,scene_01,center,687,frame_0687.png
2282,img_2282_test.png,images/test/img_2282_test.png,test,3840,2160,Leipzig_Hannover,scene_01,center,696,frame_0696.png
2283,img_2283_test.png,images/test/img_2283_test.png,test,3840,2160,Leipzig_Hannover,scene_01,center,719,frame_0719.png
2284,img_2284_test.png,images/test/img_2284_test.png,test,3840,2160,Leipzig_Hannover,scene_01,center,723,frame_0723.png
2285,img_2285_test.png,images/test/img_2285_test.png,test,3840,2160,Leipzig_Hannover,scene_01,center,727,frame_0727.png
2286,img_2286_test.png,images/test/img_2286_test.png,test,3840,2160,Leipzig_Hannover,scene_01,center,738,frame_0738.png
2287,img_2287_test.png,images/test/img_2287_test.png,test,3840,2160,Leipzig_Hannover,scene_01,center,744,frame_0744.png
2288,img_2288_test.png,images/test/img_2288_test.png,test,3840,2160,Leipzig_Hannover,scene_01,center,757,frame_0757.png
2289,img_2289_test.png,images/test/img_2289_test.png,test,3840,2160,Leipzig_Hannover,scene_01,center,765,frame_0765.png
2290,img_2290_test.png,images/test/img_2290_test.png,test,3840,2160,Leipzig_Hannover,scene_01,center,767,frame_0767.png
2291,img_2291_test.png,images/test/img_2291_test.png,test,3840,2160,Leipzig_Hannover,scene_01,center,795,frame_0795.png
2292,img_2292_test.png,images/test/img_2292_test.png,test,3840,2160,Leipzig_Hannover,scene_01,center,800,frame_0800.png
2293,img_2293_test.png,images/test/img_2293_test.png,test,3840,2160,Leipzig_Hannover,scene_01,center,806,frame_0806.png
2294,img_2294_test.png,images/test/img_2294_test.png,test,3840,2160,Leipzig_Hannover,scene_01,center,824,frame_0824.png
2295,img_2295_test.png,images/test/img_2295_test.png,test,3840,2160,Leipzig_Hannover,scene_01,center,831,frame_0831.png
2296,img_2296_test.png,images/test/img_2296_test.png,test,3840,2160,Leipzig_Hannover,scene_01,center,842,frame_0842.png
2297,img_2297_test.png,images/test/img_2297_test.png,test,3840,2160,Leipzig_Hannover,scene_01,center,852,frame_0852.png
2298,img_2298_test.png,images/test/img_2298_test.png,test,3840,2160,Leipzig_Hannover,scene_01,center,858,frame_0858.png
2299,img_2299_test.png,images/test/img_2299_test.png,test,3840,2160,Leipzig_Hannover,scene_01,center,861,frame_0861.png
2300,img_2300_test.png,images/test/img_2300_test.png,test,3840,2160,Leipzig_Hannover,scene_01,center,887,frame_0887.png
2301,img_2301_test.png,images/test/img_2301_test.png,test,3840,2160,Leipzig_Hannover,scene_01,center,889,frame_0889.png
2302,img_2302_test.png,images/test/img_2302_test.png,test,3840,2160,Leipzig_Hannover,scene_01,center,904,frame_0904.png
2303,img_2303_test.png,images/test/img_2303_test.png,test,3840,2160,Leipzig_Hannover,scene_01,center,924,frame_0924.png
2304,img_2304_test.png,images/test/img_2304_test.png,test,3840,2160,Leipzig_Hannover,scene_01,center,928,frame_0928.png
2305,img_2305_test.png,images/test/img_2305_test.png,test,3840,2160,Leipzig_Hannover,scene_01,center,934,frame_0934.png
2306,img_2306_test.png,images/test/img_2306_test.png,test,3840,2160,Leipzig_Hannover,scene_01,center,938,frame_0938.png
2307,img_2307_test.png,images/test/img_2307_test.png,test,3840,2160,Leipzig_Hannover,scene_01,center,944,frame_0944.png
2308,img_2308_test.png,images/test/img_2308_test.png,test,3840,2160,Leipzig_Hannover,scene_01,center,959,frame_0959.png
2309,img_2309_test.png,images/test/img_2309_test.png,test,3840,2160,Leipzig_Hannover,scene_01,center,1061,frame_1061.png
2310,img_2310_test.png,images/test/img_2310_test.png,test,3840,2160,Leipzig_Hannover,scene_01,center,1076,frame_1076.png
2311,img_2311_test.png,images/test/img_2311_test.png,test,3840,2160,Leipzig_Hannover,scene_01,center,1081,frame_1081.png
2312,img_2312_test.png,images/test/img_2312_test.png,test,3840,2160,Leipzig_Hannover,scene_01,center,1088,frame_1088.png
2313,img_2313_test.png,images/test/img_2313_test.png,test,3840,2160,Leipzig_Hannover,scene_01,center,1094,frame_1094.png
2314,img_2314_test.png,images/test/img_2314_test.png,test,3840,2160,Leipzig_Hannover,scene_01,center,1104,frame_1104.png
2315,img_2315_test.png,images/test/img_2315_test.png,test,3840,2160,Leipzig_Hannover,scene_01,center,1118,frame_1118.png
2316,img_2316_test.png,images/test/img_2316_test.png,test,3840,2160,Leipzig_Hannover,scene_01,center,1138,frame_1138.png
2317,img_2317_test.png,images/test/img_2317_test.png,test,3840,2160,Leipzig_Hannover,scene_01,center,1142,frame_1142.png
2318,img_2318_test.png,images/test/img_2318_test.png,test,3840,2160,Leipzig_Hannover,scene_01,center,1157,frame_1157.png
2319,img_2319_test.png,images/test/img_2319_test.png,test,3840,2160,Leipzig_Hannover,scene_01,center,1165,frame_1165.png
2320,img_2320_test.png,images/test/img_2320_test.png,test,3840,2160,Leipzig_Hannover,scene_01,center,1168,frame_1168.png
2321,img_2321_test.png,images/test/img_2321_test.png,test,3840,2160,Leipzig_Hannover,scene_01,center,1196,frame_1196.png
2322,img_2322_test.png,images/test/img_2322_test.png,test,3840,2160,Leipzig_Hannover,scene_01,center,1211,frame_1211.png
2323,img_2323_test.png,images/test/img_2323_test.png,test,3840,2160,Leipzig_Hannover,scene_01,center,1221,frame_1221.png
2324,img_2324_test.png,images/test/img_2324_test.png,test,3840,2160,Leipzig_Hannover,scene_01,center,1224,frame_1224.png
2325,img_2325_test.png,images/test/img_2325_test.png,test,3840,2160,Leipzig_Hannover,scene_01,center,1239,frame_1239.png
2326,img_2326_test.png,images/test/img_2326_test.png,test,3840,2160,Leipzig_Hannover,scene_01,center,1280,frame_1280.png
2327,img_2327_test.png,images/test/img_2327_test.png,test,3840,2160,Leipzig_Hannover,scene_01,center,1283,frame_1283.png
2328,img_2328_test.png,images/test/img_2328_test.png,test,4112,2504,OSDaR26_GAF,47_GAF_B_day_out_mov,rgb_12mp_left,0,000_1637928325.000000000.png
2329,img_2329_test.png,images/test/img_2329_test.png,test,4112,2504,OSDaR26_GAF,47_GAF_B_day_out_mov,rgb_12mp_middle,0,000_1637928325.000000000.png
2330,img_2330_test.png,images/test/img_2330_test.png,test,4112,2504,OSDaR26_GAF,47_GAF_B_day_out_mov,rgb_12mp_right,0,000_1637928325.000000000.png
2331,img_2331_test.png,images/test/img_2331_test.png,test,4112,2504,OSDaR26_GAF,47_GAF_B_day_out_mov,rgb_12mp_left,18,018_1637928326.799999952.png
2332,img_2332_test.png,images/test/img_2332_test.png,test,4112,2504,OSDaR26_GAF,47_GAF_B_day_out_mov,rgb_12mp_left,36,036_1637928328.599999905.png
2333,img_2333_test.png,images/test/img_2333_test.png,test,4112,2504,OSDaR26_GAF,47_GAF_B_day_out_mov,rgb_12mp_middle,36,036_1637928328.600000143.png
2334,img_2334_test.png,images/test/img_2334_test.png,test,4112,2504,OSDaR26_GAF,47_GAF_B_day_out_mov,rgb_12mp_right,36,036_1637928328.599999905.png
2335,img_2335_test.png,images/test/img_2335_test.png,test,4112,2504,OSDaR26_GAF,47_GAF_B_day_out_mov,rgb_12mp_left,54,054_1637928330.400000095.png
2336,img_2336_test.png,images/test/img_2336_test.png,test,4112,2504,OSDaR26_GAF,47_GAF_B_day_out_mov,rgb_12mp_right,54,054_1637928330.400000095.png
2337,img_2337_test.png,images/test/img_2337_test.png,test,4112,2504,OSDaR26_GAF,47_GAF_B_day_out_mov,rgb_12mp_left,72,072_1637928332.200000048.png
2338,img_2338_test.png,images/test/img_2338_test.png,test,4112,2504,OSDaR26_GAF,47_GAF_B_day_out_mov,rgb_12mp_middle,72,072_1637928332.200000048.png
2339,img_2339_test.png,images/test/img_2339_test.png,test,4112,2504,OSDaR26_GAF,47_GAF_B_day_out_mov,rgb_12mp_right,72,072_1637928332.200000048.png
2340,img_2340_test.png,images/test/img_2340_test.png,test,4112,2504,OSDaR26_GAF,47_GAF_B_day_out_mov,rgb_12mp_left,90,090_1637928334.000000000.png
2341,img_2341_test.png,images/test/img_2341_test.png,test,4112,2504,OSDaR26_GAF,47_GAF_B_day_out_mov,rgb_12mp_right,90,090_1637928334.000000000.png
2342,img_2342_test.png,images/test/img_2342_test.png,test,4112,2504,OSDaR26_GAF,47_GAF_B_day_out_mov,rgb_12mp_left,108,108_1637928335.799999952.png
2343,img_2343_test.png,images/test/img_2343_test.png,test,4112,2504,OSDaR26_GAF,47_GAF_B_day_out_mov,rgb_12mp_middle,108,108_1637928335.799999952.png
2344,img_2344_test.png,images/test/img_2344_test.png,test,4112,2504,OSDaR26_GAF,47_GAF_B_day_out_mov,rgb_12mp_right,108,108_1637928335.799999952.png
2345,img_2345_test.png,images/test/img_2345_test.png,test,4112,2504,OSDaR26_GAF,47_GAF_B_day_out_mov,rgb_12mp_left,125,125_1637928337.500000000.png
2346,img_2346_test.png,images/test/img_2346_test.png,test,4112,2504,OSDaR26_GAF,47_GAF_B_day_out_mov,rgb_12mp_right,125,125_1637928337.500000000.png
2347,img_2347_test.png,images/test/img_2347_test.png,test,4112,2504,OSDaR26_GAF,47_GAF_B_day_out_mov,rgb_12mp_left,143,143_1637928339.299999952.png
2348,img_2348_test.png,images/test/img_2348_test.png,test,4112,2504,OSDaR26_GAF,47_GAF_B_day_out_mov,rgb_12mp_middle,143,143_1637928339.299999952.png
2349,img_2349_test.png,images/test/img_2349_test.png,test,4112,2504,OSDaR26_GAF,47_GAF_B_day_out_mov,rgb_12mp_right,143,143_1637928339.299999952.png
2350,img_2350_test.png,images/test/img_2350_test.png,test,4112,2504,OSDaR26_GAF,47_GAF_B_day_out_mov,rgb_12mp_left,160,160_1637928341.000000000.png
2351,img_2351_test.png,images/test/img_2351_test.png,test,4112,2504,OSDaR26_GAF,47_GAF_B_day_out_mov,rgb_12mp_middle,176,176_1637928342.600000143.png
2352,img_2352_test.png,images/test/img_2352_test.png,test,4112,2504,OSDaR26_GAF,47_GAF_B_day_out_mov,rgb_12mp_right,176,176_1637928342.599999905.png
2353,img_2353_test.png,images/test/img_2353_test.png,test,4112,2504,GAF,2021-12-01_11-09-22__2021-12-01_11-33-38+20,rgb_12mp_left,0,000_1638358418.000000000.png
2354,img_2354_test.png,images/test/img_2354_test.png,test,4112,2504,GAF,2021-12-01_11-09-22__2021-12-01_11-33-38+20,rgb_12mp_middle,0,000_1638358418.000000000.png
2355,img_2355_test.png,images/test/img_2355_test.png,test,4112,2504,GAF,2021-12-01_11-09-22__2021-12-01_11-33-38+20,rgb_12mp_right,0,000_1638358418.000000000.png
2356,img_2356_test.png,images/test/img_2356_test.png,test,4112,2504,GAF,2021-12-01_11-09-22__2021-12-01_11-33-38+20,rgb_12mp_left,14,014_1638358419.400000095.png
2357,img_2357_test.png,images/test/img_2357_test.png,test,4112,2504,GAF,2021-12-01_11-09-22__2021-12-01_11-33-38+20,rgb_12mp_right,14,014_1638358419.400000095.png
2358,img_2358_test.png,images/test/img_2358_test.png,test,4112,2504,GAF,2021-12-01_11-09-22__2021-12-01_11-33-38+20,rgb_12mp_middle,28,028_1638358420.799999952.png
2359,img_2359_test.png,images/test/img_2359_test.png,test,4112,2504,GAF,2021-12-01_11-09-22__2021-12-01_11-33-38+20,rgb_12mp_right,28,028_1638358420.799999952.png
2360,img_2360_test.png,images/test/img_2360_test.png,test,4112,2504,GAF,2021-12-01_11-09-22__2021-12-01_11-33-38+20,rgb_12mp_left,41,041_1638358422.100000143.png
2361,img_2361_test.png,images/test/img_2361_test.png,test,4112,2504,GAF,2021-12-01_11-09-22__2021-12-01_11-33-38+20,rgb_12mp_right,41,041_1638358422.099999905.png
2362,img_2362_test.png,images/test/img_2362_test.png,test,4112,2504,GAF,2021-12-01_11-09-22__2021-12-01_11-33-38+20,rgb_12mp_left,55,055_1638358423.500000000.png
2363,img_2363_test.png,images/test/img_2363_test.png,test,4112,2504,GAF,2021-12-01_11-09-22__2021-12-01_11-33-38+20,rgb_12mp_middle,55,055_1638358423.500000000.png
2364,img_2364_test.png,images/test/img_2364_test.png,test,4112,2504,GAF,2021-12-01_11-09-22__2021-12-01_11-33-38+20,rgb_12mp_right,55,055_1638358423.500000000.png
2365,img_2365_test.png,images/test/img_2365_test.png,test,4112,2504,GAF,2021-12-01_11-09-22__2021-12-01_11-33-38+20,rgb_12mp_left,69,069_1638358424.900000095.png
2366,img_2366_test.png,images/test/img_2366_test.png,test,4112,2504,GAF,2021-12-01_11-09-22__2021-12-01_11-33-38+20,rgb_12mp_left,83,083_1638358426.299999952.png
2367,img_2367_test.png,images/test/img_2367_test.png,test,4112,2504,GAF,2021-12-01_11-09-22__2021-12-01_11-33-38+20,rgb_12mp_middle,83,083_1638358426.299999952.png
2368,img_2368_test.png,images/test/img_2368_test.png,test,4112,2504,GAF,2021-12-01_11-09-22__2021-12-01_11-33-38+20,rgb_12mp_right,83,083_1638358426.299999952.png
2369,img_2369_test.png,images/test/img_2369_test.png,test,4112,2504,GAF,2021-12-01_11-09-22__2021-12-01_11-33-38+20,rgb_12mp_left,97,097_1638358427.700000048.png
2370,img_2370_test.png,images/test/img_2370_test.png,test,4112,2504,GAF,2021-12-01_11-09-22__2021-12-01_11-33-38+20,rgb_12mp_right,97,097_1638358427.700000048.png
2371,img_2371_test.png,images/test/img_2371_test.png,test,4112,2504,GAF,2021-12-01_11-09-22__2021-12-01_11-33-38+20,rgb_12mp_left,111,111_1638358429.099999905.png
2372,img_2372_test.png,images/test/img_2372_test.png,test,4112,2504,GAF,2021-12-01_11-09-22__2021-12-01_11-33-38+20,rgb_12mp_middle,111,111_1638358429.099999905.png
2373,img_2373_test.png,images/test/img_2373_test.png,test,4112,2504,GAF,2021-12-01_11-09-22__2021-12-01_11-33-38+20,rgb_12mp_left,124,124_1638358430.400000095.png
2374,img_2374_test.png,images/test/img_2374_test.png,test,4112,2504,GAF,2021-12-01_11-09-22__2021-12-01_11-33-38+20,rgb_12mp_right,124,124_1638358430.400000095.png
2375,img_2375_test.png,images/test/img_2375_test.png,test,4112,2504,GAF,2021-12-01_11-09-22__2021-12-01_11-33-38+20,rgb_12mp_left,138,138_1638358431.799999952.png
2376,img_2376_test.png,images/test/img_2376_test.png,test,4112,2504,GAF,2021-12-01_11-09-22__2021-12-01_11-33-38+20,rgb_12mp_middle,138,138_1638358431.799999952.png
2377,img_2377_test.png,images/test/img_2377_test.png,test,4112,2504,GAF,2021-12-01_11-09-22__2021-12-01_11-33-38+20,rgb_12mp_right,138,138_1638358431.799999952.png
2378,img_2378_test.png,images/test/img_2378_test.png,test,4112,2504,GAF,2021-12-01_11-09-22__2021-12-01_11-33-38+20,rgb_12mp_left,152,152_1638358433.200000048.png
2379,img_2379_test.png,images/test/img_2379_test.png,test,4112,2504,GAF,2021-12-01_11-09-22__2021-12-01_11-33-38+20,rgb_12mp_right,152,152_1638358433.200000048.png
2380,img_2380_test.png,images/test/img_2380_test.png,test,4112,2504,GAF,2021-12-01_11-09-22__2021-12-01_11-33-38+20,rgb_12mp_left,165,165_1638358434.500000000.png
2381,img_2381_test.png,images/test/img_2381_test.png,test,4112,2504,GAF,2021-12-01_11-09-22__2021-12-01_11-33-38+20,rgb_12mp_middle,165,165_1638358434.500000000.png
2382,img_2382_test.png,images/test/img_2382_test.png,test,4112,2504,GAF,2021-12-01_11-09-22__2021-12-01_11-33-38+20,rgb_12mp_right,165,165_1638358434.500000000.png
2383,img_2383_test.png,images/test/img_2383_test.png,test,4112,2504,GAF,2021-12-01_11-09-22__2021-12-01_11-33-38+20,rgb_12mp_right,179,179_1638358435.900000095.png
2384,img_2384_test.png,images/test/img_2384_test.png,test,4112,2504,GAF,2021-12-01_11-09-22__2021-12-01_11-33-38+20,rgb_12mp_left,193,193_1638358437.299999952.png
2385,img_2385_test.png,images/test/img_2385_test.png,test,4112,2504,GAF,2021-12-01_11-09-22__2021-12-01_11-33-38+20,rgb_12mp_middle,193,193_1638358437.299999952.png
2386,img_2386_test.png,images/test/img_2386_test.png,test,4112,2504,GAF,2021-12-01_11-09-22__2021-12-01_11-33-38+20,rgb_12mp_right,193,193_1638358437.299999952.png
2387,img_2387_test.png,images/test/img_2387_test.png,test,4112,2504,GAF,2021-12-01_11-09-22__2021-12-01_11-49-51+24,rgb_12mp_left,0,000_1638359391.099999905.png
2388,img_2388_test.png,images/test/img_2388_test.png,test,4112,2504,GAF,2021-12-01_11-09-22__2021-12-01_11-49-51+24,rgb_12mp_middle,0,000_1638359391.100000143.png
2389,img_2389_test.png,images/test/img_2389_test.png,test,4112,2504,GAF,2021-12-01_11-09-22__2021-12-01_11-49-51+24,rgb_12mp_middle,61,061_1638359397.200000048.png
2390,img_2390_test.png,images/test/img_2390_test.png,test,4112,2504,GAF,2021-12-01_11-09-22__2021-12-01_11-49-51+24,rgb_12mp_right,61,061_1638359397.200000048.png
2391,img_2391_test.png,images/test/img_2391_test.png,test,4112,2504,GAF,2021-12-01_11-09-22__2021-12-01_11-49-51+24,rgb_12mp_middle,119,119_1638359403.000000000.png
2392,img_2392_test.png,images/test/img_2392_test.png,test,4112,2504,GAF,2021-12-01_11-09-22__2021-12-01_11-49-51+24,rgb_12mp_right,119,119_1638359403.000000000.png
2393,img_2393_test.png,images/test/img_2393_test.png,test,4112,2504,GAF,2021-12-01_11-09-22__2021-12-01_11-49-51+24,rgb_12mp_left,173,173_1638359408.400000095.png
2394,img_2394_test.png,images/test/img_2394_test.png,test,4112,2504,GAF,2021-12-01_11-09-22__2021-12-01_11-49-51+24,rgb_12mp_middle,173,173_1638359408.400000095.png
2395,img_2395_test.png,images/test/img_2395_test.png,test,4112,2504,GAF,2021-12-01_11-09-22__2021-12-01_11-49-51+24,rgb_12mp_left,200,200_1638359411.099999905.png
2396,img_2396_test.png,images/test/img_2396_test.png,test,4112,2504,GAF,2021-12-01_11-09-22__2021-12-01_11-49-51+24,rgb_12mp_left,225,225_1638359413.600000143.png
2397,img_2397_test.png,images/test/img_2397_test.png,test,4112,2504,GAF,2021-12-01_11-09-22__2021-12-01_11-49-51+24,rgb_12mp_middle,225,225_1638359413.599999905.png
2398,img_2398_test.png,images/test/img_2398_test.png,test,4112,2504,GAF,2021-12-01_11-09-22__2021-12-01_11-49-51+24,rgb_12mp_left,237,237_1638359414.799999952.png
2399,img_2399_test.png,images/test/img_2399_test.png,test,4112,2504,GAF,2021-12-01_11-09-22__2021-12-01_11-53-24+25,rgb_12mp_left,0,000_1638359604.000000000.png
2400,img_2400_test.png,images/test/img_2400_test.png,test,4112,2504,GAF,2021-12-01_11-09-22__2021-12-01_11-53-24+25,rgb_12mp_middle,0,000_1638359604.000000000.png
2401,img_2401_test.png,images/test/img_2401_test.png,test,4112,2504,GAF,2021-12-01_11-09-22__2021-12-01_11-53-24+25,rgb_12mp_left,37,037_1638359607.700000048.png
2402,img_2402_test.png,images/test/img_2402_test.png,test,4112,2504,GAF,2021-12-01_11-09-22__2021-12-01_11-53-24+25,rgb_12mp_left,56,056_1638359609.600000143.png
2403,img_2403_test.png,images/test/img_2403_test.png,test,4112,2504,GAF,2021-12-01_11-09-22__2021-12-01_11-53-24+25,rgb_12mp_middle,112,112_1638359615.200000048.png
2404,img_2404_test.png,images/test/img_2404_test.png,test,4112,2504,GAF,2021-12-01_11-09-22__2021-12-01_11-53-24+25,rgb_12mp_left,130,130_1638359617.000000000.png
2405,img_2405_test.png,images/test/img_2405_test.png,test,4112,2504,GAF,2021-12-01_11-09-22__2021-12-01_11-53-24+25,rgb_12mp_left,168,168_1638359620.799999952.png
2406,img_2406_test.png,images/test/img_2406_test.png,test,4112,2504,GAF,2021-12-01_11-09-22__2021-12-01_11-53-24+25,rgb_12mp_middle,168,168_1638359620.799999952.png
2407,img_2407_test.png,images/test/img_2407_test.png,test,4112,2504,GAF,2021-12-01_11-09-22__2021-12-01_11-53-24+25,rgb_12mp_left,187,187_1638359622.700000048.png
2408,img_2408_test.png,images/test/img_2408_test.png,test,4112,2504,GAF,2021-12-01_11-09-22__2021-12-01_11-53-24+25,rgb_12mp_right,187,187_1638359622.700000048.png
2409,img_2409_test.png,images/test/img_2409_test.png,test,4112,2504,GAF,2021-12-01_11-09-22__2021-12-01_11-53-24+25,rgb_12mp_left,206,206_1638359624.599999905.png
2410,img_2410_test.png,images/test/img_2410_test.png,test,4112,2504,GAF,2021-12-01_11-09-22__2021-12-01_11-53-24+25,rgb_12mp_left,225,225_1638359626.500000000.png
2411,img_2411_test.png,images/test/img_2411_test.png,test,4112,2504,GAF,2021-12-01_11-09-22__2021-12-01_11-53-24+25,rgb_12mp_middle,225,225_1638359626.500000000.png
2412,img_2412_test.png,images/test/img_2412_test.png,test,4112,2504,GAF,2021-12-01_11-09-22__2021-12-01_11-53-24+25,rgb_12mp_left,244,244_1638359628.400000095.png
2413,img_2413_test.png,images/test/img_2413_test.png,test,4112,2504,GAF,2021-12-01_11-09-22__2021-12-01_11-53-24+25,rgb_12mp_middle,244,244_1638359628.400000095.png
2414,img_2414_test.png,images/test/img_2414_test.png,test,4112,2504,GAF,2021-12-01_11-09-22__2021-12-01_11-53-24+25,rgb_12mp_right,244,244_1638359628.400000095.png
2415,img_2415_test.png,images/test/img_2415_test.png,test,3840,2160,Regensburg_Fuerth,scene_01,center,37,frame_0037.png
2416,img_2416_test.png,images/test/img_2416_test.png,test,3840,2160,Regensburg_Fuerth,scene_01,center,47,frame_0047.png
2417,img_2417_test.png,images/test/img_2417_test.png,test,3840,2160,Regensburg_Fuerth,scene_01,center,80,frame_0080.png
2418,img_2418_test.png,images/test/img_2418_test.png,test,3840,2160,Regensburg_Fuerth,scene_01,center,98,frame_0098.png
2419,img_2419_test.png,images/test/img_2419_test.png,test,3840,2160,Regensburg_Fuerth,scene_01,center,124,frame_0124.png
2420,img_2420_test.png,images/test/img_2420_test.png,test,3840,2160,Regensburg_Fuerth,scene_01,center,177,frame_0177.png
2421,img_2421_test.png,images/test/img_2421_test.png,test,3840,2160,Regensburg_Fuerth,scene_01,center,182,frame_0182.png
2422,img_2422_test.png,images/test/img_2422_test.png,test,3840,2160,Regensburg_Fuerth,scene_01,center,290,frame_0290.png
2423,img_2423_test.png,images/test/img_2423_test.png,test,3840,2160,Regensburg_Fuerth,scene_01,center,386,frame_0386.png
2424,img_2424_test.png,images/test/img_2424_test.png,test,3840,2160,Regensburg_Fuerth,scene_01,center,432,frame_0432.png
2425,img_2425_test.png,images/test/img_2425_test.png,test,3840,2160,Regensburg_Fuerth,scene_01,center,502,frame_0502.png
2426,img_2426_test.png,images/test/img_2426_test.png,test,3840,2160,Regensburg_Fuerth,scene_01,center,615,frame_0615.png
2427,img_2427_test.png,images/test/img_2427_test.png,test,3840,2160,Regensburg_Fuerth,scene_01,center,735,frame_0735.png
2428,img_2428_test.png,images/test/img_2428_test.png,test,3840,2160,Regensburg_Fuerth,scene_01,center,769,frame_0769.png
2429,img_2429_test.png,images/test/img_2429_test.png,test,3840,2160,Regensburg_Fuerth,scene_01,center,1025,frame_1025.png
2430,img_2430_test.png,images/test/img_2430_test.png,test,3840,2160,Regensburg_Fuerth,scene_01,center,1174,frame_1174.png
2431,img_2431_test.png,images/test/img_2431_test.png,test,3840,2160,Regensburg_Fuerth,scene_01,center,1188,frame_1188.png
2432,img_2432_test.png,images/test/img_2432_test.png,test,3840,2160,Regensburg_Fuerth,scene_01,center,1201,frame_1201.png
2433,img_2433_test.png,images/test/img_2433_test.png,test,3840,2160,Regensburg_Fuerth,scene_01,center,1220,frame_1220.png
2434,img_2434_test.png,images/test/img_2434_test.png,test,3840,2160,Regensburg_Fuerth,scene_01,center,1232,frame_1232.png
2435,img_2435_test.png,images/test/img_2435_test.png,test,3840,2160,Regensburg_Fuerth,scene_01,center,1280,frame_1280.png
2436,img_2436_test.png,images/test/img_2436_test.png,test,3840,2160,Regensburg_Fuerth,scene_01,center,1419,frame_1419.png
2437,img_2437_test.png,images/test/img_2437_test.png,test,3840,2160,Regensburg_Fuerth,scene_01,center,1554,frame_1554.png
2438,img_2438_test.png,images/test/img_2438_test.png,test,3840,2160,Regensburg_Fuerth,scene_01,center,1607,frame_1607.png
2439,img_2439_test.png,images/test/img_2439_test.png,test,3840,2160,Regensburg_Fuerth,scene_01,center,1742,frame_1742.png
2440,img_2440_test.png,images/test/img_2440_test.png,test,3840,2160,Regensburg_Fuerth,scene_01,center,1775,frame_1775.png
2441,img_2441_test.png,images/test/img_2441_test.png,test,3840,2160,Regensburg_Fuerth,scene_01,center,1798,frame_1798.png
2442,img_2442_test.png,images/test/img_2442_test.png,test,3840,2160,Regensburg_Fuerth,scene_01,center,1806,frame_1806.png
2443,img_2443_test.png,images/test/img_2443_test.png,test,3840,2160,Regensburg_Fuerth,scene_01,center,1815,frame_1815.png
2444,img_2444_test.png,images/test/img_2444_test.png,test,3840,2160,Regensburg_Fuerth,scene_01,center,1828,frame_1828.png
2445,img_2445_test.png,images/test/img_2445_test.png,test,3840,2160,Regensburg_Fuerth,scene_01,center,1996,frame_1996.png
2446,img_2446_test.png,images/test/img_2446_test.png,test,3840,2160,Regensburg_Fuerth,scene_01,center,2348,frame_2348.png
2447,img_2447_test.png,images/test/img_2447_test.png,test,3840,2160,Regensburg_Fuerth,scene_01,center,2363,frame_2363.png
2448,img_2448_test.png,images/test/img_2448_test.png,test,3840,2160,Regensburg_Fuerth,scene_01,center,2421,frame_2421.png
2449,img_2449_test.png,images/test/img_2449_test.png,test,3840,2160,Regensburg_Fuerth,scene_01,center,2567,frame_2567.png
2450,img_2450_test.png,images/test/img_2450_test.png,test,3840,2160,Regensburg_Fuerth,scene_01,center,2660,frame_2660.png
2451,img_2451_test.png,images/test/img_2451_test.png,test,3840,2160,Regensburg_Fuerth,scene_01,center,2666,frame_2666.png
2452,img_2452_test.png,images/test/img_2452_test.png,test,3840,2160,Regensburg_Fuerth,scene_01,center,3057,frame_3057.png
2453,img_2453_test.png,images/test/img_2453_test.png,test,3840,2160,Regensburg_Fuerth,scene_01,center,3293,frame_3293.png
2454,img_2454_test.png,images/test/img_2454_test.png,test,3840,2160,Regensburg_Fuerth,scene_01,center,3367,frame_3367.png
2455,img_2455_test.png,images/test/img_2455_test.png,test,3840,2160,Regensburg_Fuerth,scene_01,center,4571,frame_4571.png
2456,img_2456_test.png,images/test/img_2456_test.png,test,3840,2160,Regensburg_Fuerth,scene_01,center,4654,frame_4654.png
2457,img_2457_test.png,images/test/img_2457_test.png,test,3840,2160,Regensburg_Fuerth,scene_01,center,4751,frame_4751.png
2458,img_2458_test.png,images/test/img_2458_test.png,test,3840,2160,Regensburg_Fuerth,scene_01,center,5292,frame_5292.png
2459,img_2459_test.png,images/test/img_2459_test.png,test,3840,2160,Regensburg_Fuerth,scene_01,center,5510,frame_5510.png
2460,img_2460_test.png,images/test/img_2460_test.png,test,3840,2160,Regensburg_Fuerth,scene_01,center,5514,frame_5514.png
2461,img_2461_test.png,images/test/img_2461_test.png,test,3840,2160,Regensburg_Fuerth,scene_01,center,5537,frame_5537.png
2462,img_2462_test.png,images/test/img_2462_test.png,test,3840,2160,Regensburg_Fuerth,scene_01,center,5695,frame_5695.png
2463,img_2463_test.png,images/test/img_2463_test.png,test,3840,2160,Regensburg_Fuerth,scene_01,center,5905,frame_5905.png
2464,img_2464_test.png,images/test/img_2464_test.png,test,3840,2160,Regensburg_Fuerth,scene_01,center,6026,frame_6026.png
2465,img_2465_test.png,images/test/img_2465_test.png,test,3840,2160,Regensburg_Fuerth,scene_01,center,7247,frame_7247.png
2466,img_2466_test.png,images/test/img_2466_test.png,test,3840,2160,Regensburg_Fuerth,scene_01,center,7383,frame_7383.png
2467,img_2467_test.png,images/test/img_2467_test.png,test,3840,2160,Regensburg_Fuerth,scene_01,center,7417,frame_7417.png
2468,img_2468_test.png,images/test/img_2468_test.png,test,3840,2160,Regensburg_Fuerth,scene_01,center,7458,frame_7458.png
2469,img_2469_test.png,images/test/img_2469_test.png,test,3840,2160,Regensburg_Fuerth,scene_01,center,7508,frame_7508.png
2470,img_2470_test.png,images/test/img_2470_test.png,test,3840,2160,Regensburg_Fuerth,scene_01,center,7518,frame_7518.png
2471,img_2471_test.png,images/test/img_2471_test.png,test,3840,2160,Regensburg_Fuerth,scene_01,center,7529,frame_7529.png
2472,img_2472_test.png,images/test/img_2472_test.png,test,3840,2160,Regensburg_Fuerth,scene_01,center,7550,frame_7550.png
2473,img_2473_test.png,images/test/img_2473_test.png,test,5472,3648,S4R,25-09-16–2023-03-14_11-38-53,center,91,frame_108.png
2474,img_2474_test.png,images/test/img_2474_test.png,test,5472,3648,S4R,25-09-16–2023-03-14_11-38-53,center,96,frame_109.png
2475,img_2475_test.png,images/test/img_2475_test.png,test,5472,3648,S4R,25-09-16–2023-03-14_11-38-53,center,103,frame_110.png
2476,img_2476_test.png,images/test/img_2476_test.png,test,5472,3648,S4R,25-09-16–2023-03-14_11-38-53,center,107,frame_111.png
2477,img_2477_test.png,images/test/img_2477_test.png,test,5472,3648,S4R,25-09-16–2023-03-14_11-38-53,center,109,frame_112.png
2478,img_2478_test.png,images/test/img_2478_test.png,test,5472,3648,S4R,25-09-16–2023-03-14_11-38-53,center,114,frame_113.png
2479,img_2479_test.png,images/test/img_2479_test.png,test,5472,3648,S4R,25-09-16–2023-03-14_11-38-53,center,118,frame_114.png
2480,img_2480_test.png,images/test/img_2480_test.png,test,5472,3648,S4R,25-09-16–2023-03-14_11-38-53,center,122,frame_115.png
2481,img_2481_test.png,images/test/img_2481_test.png,test,5472,3648,S4R,25-09-16–2023-03-14_11-38-53,center,130,frame_116.png
2482,img_2482_test.png,images/test/img_2482_test.png,test,5472,3648,S4R,25-09-16–2023-03-14_11-38-53,center,137,frame_117.png
2483,img_2483_test.png,images/test/img_2483_test.png,test,5472,3648,S4R,25-09-16–2023-03-14_11-38-53,center,138,frame_118.png
2484,img_2484_test.png,images/test/img_2484_test.png,test,5472,3648,S4R,25-09-16–2023-03-14_11-38-53,center,143,frame_119.png
2485,img_2485_test.png,images/test/img_2485_test.png,test,5472,3648,S4R,25-09-16–2023-03-14_11-38-53,center,144,frame_120.png
2486,img_2486_test.png,images/test/img_2486_test.png,test,5472,3648,S4R,25-09-16–2023-03-14_11-38-53,center,147,frame_121.png
2487,img_2487_test.png,images/test/img_2487_test.png,test,5472,3648,S4R,25-09-16–2023-03-14_11-38-53,center,151,frame_122.png
2488,img_2488_test.png,images/test/img_2488_test.png,test,5472,3648,S4R,25-09-16–2023-03-14_11-38-53,center,163,frame_123.png
2489,img_2489_test.png,images/test/img_2489_test.png,test,5472,3648,S4R,25-09-16–2023-03-14_11-38-53,center,173,frame_124.png
2490,img_2490_test.png,images/test/img_2490_test.png,test,5472,3648,S4R,25-09-16–2023-03-14_11-38-53,center,178,frame_125.png
2491,img_2491_test.png,images/test/img_2491_test.png,test,5472,3648,S4R,25-09-16–2023-03-14_11-38-53,center,189,frame_126.png
2492,img_2492_test.png,images/test/img_2492_test.png,test,5472,3648,S4R,25-09-16–2023-03-14_11-38-53,center,197,frame_127.png
2493,img_2493_test.png,images/test/img_2493_test.png,test,5472,3648,S4R,25-09-22–2023-03-09_09-37-31,center,0,frame_182.png
2494,img_2494_test.png,images/test/img_2494_test.png,test,5472,3648,S4R,25-09-22–2023-03-09_09-37-31,center,24,frame_183.png
2495,img_2495_test.png,images/test/img_2495_test.png,test,5472,3648,S4R,25-09-22–2023-03-09_09-37-31,center,63,frame_184.png
2496,img_2496_test.png,images/test/img_2496_test.png,test,5472,3648,S4R,25-09-22–2023-03-09_09-37-31,center,99,frame_185.png
2497,img_2497_test.png,images/test/img_2497_test.png,test,5472,3648,S4R,25-09-22–2023-03-09_09-37-31,center,112,frame_186.png
2498,img_2498_test.png,images/test/img_2498_test.png,test,5472,3648,S4R,25-09-22–2023-03-09_09-37-31,center,133,frame_187.png
2499,img_2499_test.png,images/test/img_2499_test.png,test,5472,3648,S4R,25-09-22–2023-03-09_09-37-31,center,166,frame_188.png
2500,img_2500_test.png,images/test/img_2500_test.png,test,5472,3648,S4R,25-09-22–2023-03-09_09-37-31,center,197,frame_189.png
